CDS;ERR2036629;ERR2036630;ERR2036631;ERR2036632;ERR2036633
CMHJGECF_00001;0;0;0;0;0
CMHJGECF_00002;0;0;0;2;0
CMHJGECF_00003;0;0;0;0;0
CMHJGECF_00004;0;0;0;0;0
CMHJGECF_00005;0;0;0;0;0
CMHJGECF_00006;0;0;0;0;0
CMHJGECF_00007;0;0;0;0;0
CMHJGECF_00008;0;2;25;9;0
CMHJGECF_00009;0;0;0;0;0
CMHJGECF_00010;0;0;0;0;0
CMHJGECF_00011;0;0;0;0;0
CMHJGECF_00012;0;0;0;0;0
CMHJGECF_00013;6;10;92;49;21
CMHJGECF_00014;0;0;0;0;0
CMHJGECF_00015;0;0;0;0;0
CMHJGECF_00016;0;0;0;0;0
CMHJGECF_00017;0;0;0;0;0
CMHJGECF_00018;0;0;0;0;0
CMHJGECF_00019;0;0;0;0;0
CMHJGECF_00020;81;66;808;625;86
CMHJGECF_00021;85;72;823;686;79
CMHJGECF_00022;118;132;1417;1519;117
CMHJGECF_00023;137;85;1431;1147;114
CMHJGECF_00024;365;222;3239;2120;269
CMHJGECF_00025;816;427;6985;5040;704
CMHJGECF_00026;154;81;1438;1274;119
CMHJGECF_00027;30;40;423;455;27
CMHJGECF_00028;17;18;132;208;23
CMHJGECF_00029;16;5;59;42;17
CMHJGECF_00030;59;31;500;365;48
CMHJGECF_00031;901;417;4307;3751;649
CMHJGECF_00032;321;110;2825;2495;142
CMHJGECF_00033;2042;1162;21413;28098;1095
CMHJGECF_00034;99;88;1003;1051;154
CMHJGECF_00035;153;121;805;747;138
CMHJGECF_00036;232;155;995;703;156
CMHJGECF_00038;259;163;1547;1477;210
CMHJGECF_00039;105;61;796;769;88
CMHJGECF_00040;3;1;155;185;6
CMHJGECF_00041;200;176;824;1348;200
CMHJGECF_00042;1140;735;4598;5048;1089
CMHJGECF_00043;404;314;1493;2087;367
CMHJGECF_00044;1015;605;3844;3953;861
CMHJGECF_00045;375;235;1093;1496;315
CMHJGECF_00046;552;350;1203;1533;429
CMHJGECF_00047;46;40;151;170;31
CMHJGECF_00048;479;298;1687;1708;499
CMHJGECF_00049;179;142;675;630;157
CMHJGECF_00050;152;121;917;1008;147
CMHJGECF_00051;68;63;405;494;73
CMHJGECF_00052;44;44;404;433;47
CMHJGECF_00053;32;41;205;215;44
CMHJGECF_00054;171;124;1392;1297;162
CMHJGECF_00055;146;96;691;783;124
CMHJGECF_00056;368;370;2630;2986;381
CMHJGECF_00057;960;719;6466;6739;914
CMHJGECF_00058;914;634;8082;7232;946
CMHJGECF_00059;438;362;3316;3446;408
CMHJGECF_00060;1235;1391;10473;13378;1488
CMHJGECF_00061;278;280;2816;1880;348
CMHJGECF_00062;120;115;1996;2688;116
CMHJGECF_00064;28;21;237;352;35
CMHJGECF_00065;131;100;683;648;76
CMHJGECF_00066;480;299;2934;2407;421
CMHJGECF_00067;152;130;1385;1211;116
CMHJGECF_00068;233;137;1723;1516;196
CMHJGECF_00069;286;248;2102;2151;280
CMHJGECF_00070;216;184;1892;1955;186
CMHJGECF_00071;115;94;922;670;106
CMHJGECF_00072;51;29;405;341;51
CMHJGECF_00073;60;58;552;580;74
CMHJGECF_00074;73;45;476;412;68
CMHJGECF_00075;86;66;616;381;61
CMHJGECF_00076;877;611;10126;11147;729
CMHJGECF_00077;91;61;660;477;53
CMHJGECF_00078;151;116;1125;737;159
CMHJGECF_00079;87;79;1339;923;53
CMHJGECF_00080;208;156;2880;2521;181
CMHJGECF_00081;549;367;4445;4016;507
CMHJGECF_00082;50;47;569;605;37
CMHJGECF_00083;0;0;8;24;1
CMHJGECF_00084;250;182;1796;1792;211
CMHJGECF_00085;23;35;380;342;19
CMHJGECF_00086;503;245;3005;1899;254
CMHJGECF_00087;81;74;974;723;55
CMHJGECF_00088;118;81;926;775;93
CMHJGECF_00089;76;55;854;733;57
CMHJGECF_00090;105;82;529;528;70
CMHJGECF_00091;60;39;424;475;44
CMHJGECF_00092;22;15;417;440;28
CMHJGECF_00093;67;57;513;379;64
CMHJGECF_00094;68;60;997;1156;79
CMHJGECF_00095;0;0;0;0;0
CMHJGECF_00096;29;13;142;151;23
CMHJGECF_00097;160;128;1119;1076;142
CMHJGECF_00098;39;38;399;339;36
CMHJGECF_00099;208;118;1713;1678;190
CMHJGECF_00101;1895;1768;15734;16443;2050
CMHJGECF_00102;1080;576;6385;5046;816
CMHJGECF_00103;88;74;824;750;71
CMHJGECF_00104;83;59;734;606;85
CMHJGECF_00105;256;144;1545;1506;172
CMHJGECF_00106;541;267;2957;2461;340
CMHJGECF_00107;1043;579;7125;7762;788
CMHJGECF_00108;414;324;4846;5518;389
CMHJGECF_00109;466;385;4458;6119;489
CMHJGECF_00110;3268;2485;46403;49008;3181
CMHJGECF_00111;790;612;12258;13709;786
CMHJGECF_00112;175;175;2896;4015;189
CMHJGECF_00113;501;389;5519;5831;516
CMHJGECF_00114;648;443;5134;4546;584
CMHJGECF_00115;502;280;2793;2342;385
CMHJGECF_00116;419;276;3106;2683;369
CMHJGECF_00117;364;316;3059;3181;318
CMHJGECF_00118;6;1;33;57;4
CMHJGECF_00119;58;31;300;316;43
CMHJGECF_00120;2295;1378;15406;11014;2000
CMHJGECF_00121;85;74;735;627;108
CMHJGECF_00122;242;137;1274;1141;171
CMHJGECF_00123;97;45;399;426;74
CMHJGECF_00124;109;41;330;361;51
CMHJGECF_00125;47;22;296;317;36
CMHJGECF_00126;493;247;3182;3037;444
CMHJGECF_00127;607;352;3416;3030;485
CMHJGECF_00128;86;37;585;630;72
CMHJGECF_00129;189;109;1160;989;170
CMHJGECF_00130;35;27;352;319;42
CMHJGECF_00131;26;37;356;303;40
CMHJGECF_00132;352;203;2090;2022;310
CMHJGECF_00133;85;62;559;540;99
CMHJGECF_00134;154;117;1280;1190;140
CMHJGECF_00135;130;101;1311;1405;106
CMHJGECF_00136;198;133;2408;2786;204
CMHJGECF_00137;144;83;1140;1139;144
CMHJGECF_00138;143;62;860;766;85
CMHJGECF_00139;356;205;2431;2466;293
CMHJGECF_00140;77;56;699;748;94
CMHJGECF_00141;137;83;1422;1345;114
CMHJGECF_00142;539;371;4262;4055;495
CMHJGECF_00143;141;102;869;832;134
CMHJGECF_00144;89;68;528;593;83
CMHJGECF_00145;127;115;1195;1208;120
CMHJGECF_00146;192;162;1539;1285;155
CMHJGECF_00147;1062;943;5340;5383;912
CMHJGECF_00148;318;242;1335;1464;280
CMHJGECF_00149;127;117;991;1280;135
CMHJGECF_00150;311;216;2867;3002;270
CMHJGECF_00151;33;20;272;351;36
CMHJGECF_00152;293;241;1420;1337;282
CMHJGECF_00153;208;206;921;1592;222
CMHJGECF_00154;63;43;309;363;51
CMHJGECF_00155;428;329;1973;2720;418
CMHJGECF_00156;350;301;2009;2609;325
CMHJGECF_00157;1723;1120;5819;6009;1466
CMHJGECF_00158;1579;1701;19523;31414;1912
CMHJGECF_00159;230;138;670;1120;182
CMHJGECF_00160;495;410;4811;4100;541
CMHJGECF_00161;393;316;3168;4317;395
CMHJGECF_00162;261;199;2538;3023;247
CMHJGECF_00163;611;499;7501;7178;586
CMHJGECF_00164;72;55;594;800;72
CMHJGECF_00165;635;355;4481;4649;561
CMHJGECF_00166;354;329;2511;2343;277
CMHJGECF_00167;182;143;963;967;178
CMHJGECF_00168;55;30;360;245;42
CMHJGECF_00169;143;146;1676;2096;177
CMHJGECF_00170;1035;814;7312;7480;901
CMHJGECF_00171;512;291;2945;3017;375
CMHJGECF_00172;187;161;1934;1928;190
CMHJGECF_00173;1105;782;11269;11120;1120
CMHJGECF_00174;162;193;3218;4297;253
CMHJGECF_00175;1091;660;5654;6059;869
CMHJGECF_00177;87;56;513;464;74
CMHJGECF_00178;328;261;3671;4756;318
CMHJGECF_00179;119;78;2892;2586;98
CMHJGECF_00180;318;249;2060;2538;283
CMHJGECF_00181;66;49;333;390;59
CMHJGECF_00182;222;134;1825;1784;198
CMHJGECF_00183;98;69;727;744;86
CMHJGECF_00184;695;646;3947;4178;746
CMHJGECF_00185;134;89;821;711;127
CMHJGECF_00186;379;230;1772;1936;305
CMHJGECF_00187;620;394;3895;4431;525
CMHJGECF_00188;107;73;819;737;109
CMHJGECF_00189;226;151;1408;1722;178
CMHJGECF_00190;605;343;4899;4771;566
CMHJGECF_00191;527;358;2855;3829;441
CMHJGECF_00192;694;405;4725;5125;546
CMHJGECF_00193;4269;1958;26279;19903;3447
CMHJGECF_00194;3708;1516;19280;17940;2814
CMHJGECF_00195;2985;1672;16319;19265;2373
CMHJGECF_00196;1085;815;8182;9899;1101
CMHJGECF_00197;889;539;3654;3389;680
CMHJGECF_00198;9189;3914;60839;55889;7572
CMHJGECF_00199;5015;2193;29824;30186;4048
CMHJGECF_00200;3440;1916;18466;23445;2622
CMHJGECF_00201;53;40;552;941;44
CMHJGECF_00202;210;148;2092;3440;189
CMHJGECF_00203;2708;1922;18540;24622;2417
CMHJGECF_00204;880;428;3800;3969;710
CMHJGECF_00205;174;128;835;1012;160
CMHJGECF_00206;475;271;3402;3118;410
CMHJGECF_00207;362;321;3379;3804;375
CMHJGECF_00208;571;495;5953;6299;640
CMHJGECF_00209;300;312;2534;2908;335
CMHJGECF_00210;66;48;768;1075;67
CMHJGECF_00211;1640;1034;12717;12697;1556
CMHJGECF_00212;284;248;2104;2598;250
CMHJGECF_00213;4351;4101;39149;53081;4630
CMHJGECF_00215;174;166;1182;1352;158
CMHJGECF_00216;75;59;589;791;72
CMHJGECF_00217;71;69;721;858;90
CMHJGECF_00218;552;466;3651;3326;544
CMHJGECF_00219;707;464;6348;5583;634
CMHJGECF_00220;212;171;1860;2105;198
CMHJGECF_00221;73;59;728;688;69
CMHJGECF_00222;415;244;1968;2198;321
CMHJGECF_00223;682;417;3066;3340;538
CMHJGECF_00224;562;396;2535;3480;464
CMHJGECF_00225;218;141;1073;1139;183
CMHJGECF_00226;735;314;2779;2941;481
CMHJGECF_00227;800;526;3485;4085;625
CMHJGECF_00228;869;453;4052;5679;438
CMHJGECF_00229;1114;651;6131;7844;715
CMHJGECF_00230;845;499;6390;7028;654
CMHJGECF_00231;437;242;1739;2269;274
CMHJGECF_00232;326;161;1687;1939;215
CMHJGECF_00233;698;475;4090;4666;556
CMHJGECF_00234;594;319;3330;3290;403
CMHJGECF_00235;129;72;936;1169;101
CMHJGECF_00236;540;428;3222;4084;485
CMHJGECF_00237;811;627;6713;6797;839
CMHJGECF_00238;218;228;1312;1739;257
CMHJGECF_00239;10;11;183;225;3
CMHJGECF_00240;38;40;230;241;49
CMHJGECF_00241;494;415;5190;5407;549
CMHJGECF_00242;393;356;4498;4359;470
CMHJGECF_00243;102;91;1277;1159;92
CMHJGECF_00244;414;335;3383;3972;383
CMHJGECF_00245;1412;1156;6477;7079;1244
CMHJGECF_00246;354;347;2626;3283;369
CMHJGECF_00247;185;154;922;1232;152
CMHJGECF_00248;557;482;3845;4679;568
CMHJGECF_00249;239;209;1629;1877;291
CMHJGECF_00250;723;546;5421;5274;682
CMHJGECF_00251;372;318;2672;3103;394
CMHJGECF_00252;59;74;637;840;50
CMHJGECF_00253;238;189;2167;1936;241
CMHJGECF_00254;2012;1366;14163;12614;1833
CMHJGECF_00255;6515;3770;33976;36757;5239
CMHJGECF_00256;745;422;3654;4354;490
CMHJGECF_00257;694;433;4314;6204;628
CMHJGECF_00258;221;161;879;1080;186
CMHJGECF_00259;222;186;1027;1227;213
CMHJGECF_00260;1535;1102;8005;8234;1410
CMHJGECF_00261;682;450;3097;3586;533
CMHJGECF_00262;324;239;1869;2081;293
CMHJGECF_00263;315;206;1362;1539;302
CMHJGECF_00264;299;264;2469;3419;309
CMHJGECF_00265;69;60;429;489;68
CMHJGECF_00266;105;99;839;892;122
CMHJGECF_00267;148;127;898;1201;145
CMHJGECF_00268;3150;2121;18155;17302;2842
CMHJGECF_00269;1776;993;8257;8701;1386
CMHJGECF_00270;623;497;3467;3952;648
CMHJGECF_00271;64;47;1121;1364;62
CMHJGECF_00272;273;284;1862;2201;319
CMHJGECF_00273;214;217;1711;1649;197
CMHJGECF_00274;160;144;1268;1600;161
CMHJGECF_00275;214;162;1438;1475;199
CMHJGECF_00276;85;99;794;893;94
CMHJGECF_00277;673;475;5576;5674;612
CMHJGECF_00278;284;149;2312;1676;218
CMHJGECF_00279;44;45;543;545;53
CMHJGECF_00280;204;152;1637;1886;174
CMHJGECF_00281;197;158;1733;1998;196
CMHJGECF_00282;574;353;3480;3622;462
CMHJGECF_00283;98;49;542;617;84
CMHJGECF_00284;495;392;5761;5029;514
CMHJGECF_00285;253;186;2303;2399;295
CMHJGECF_00286;516;399;4379;4729;479
CMHJGECF_00287;104;91;1168;1507;129
CMHJGECF_00288;157;162;1330;1416;174
CMHJGECF_00289;1462;1426;7908;10517;1573
CMHJGECF_00290;252;196;3009;3981;253
CMHJGECF_00291;1118;688;6388;6186;977
CMHJGECF_00292;309;257;1935;1815;316
CMHJGECF_00293;314;238;2402;2918;351
CMHJGECF_00294;258;204;1646;1734;245
CMHJGECF_00295;563;361;3388;3464;519
CMHJGECF_00296;571;444;3769;3988;565
CMHJGECF_00297;455;295;3671;4100;423
CMHJGECF_00298;104;87;889;1203;97
CMHJGECF_00299;191;121;1690;1236;150
CMHJGECF_00300;145;85;812;949;98
CMHJGECF_00301;254;172;1730;2082;213
CMHJGECF_00302;7;17;789;841;14
CMHJGECF_00303;14;19;706;663;23
CMHJGECF_00304;7;9;492;507;8
CMHJGECF_00305;9;10;438;441;13
CMHJGECF_00306;27;26;1050;1156;46
CMHJGECF_00307;2;7;287;339;6
CMHJGECF_00308;45;40;2259;2319;58
CMHJGECF_00309;71;60;1480;1991;67
CMHJGECF_00310;22;21;609;716;27
CMHJGECF_00311;95;96;4215;4237;125
CMHJGECF_00312;158;147;3031;2917;169
CMHJGECF_00313;6;4;89;144;1
CMHJGECF_00314;37;27;761;834;28
CMHJGECF_00315;303;249;15018;15648;301
CMHJGECF_00316;85;74;3698;4011;82
CMHJGECF_00317;8;5;460;429;9
CMHJGECF_00318;6;6;289;393;4
CMHJGECF_00319;12;12;869;889;12
CMHJGECF_00320;50;55;2932;2877;53
CMHJGECF_00321;26;13;1514;1482;16
CMHJGECF_00322;31;23;1593;1482;30
CMHJGECF_00323;28;23;1356;1351;33
CMHJGECF_00324;7;14;1054;1101;25
CMHJGECF_00325;30;16;228;204;33
CMHJGECF_00326;421;344;5410;5446;308
CMHJGECF_00327;425;334;6220;4691;476
CMHJGECF_00328;390;283;1984;1793;332
CMHJGECF_00329;160;142;1297;1579;145
CMHJGECF_00330;100;91;587;630;94
CMHJGECF_00331;150;107;877;907;133
CMHJGECF_00332;106;49;771;807;67
CMHJGECF_00333;402;221;1955;1712;278
CMHJGECF_00334;116;62;741;838;102
CMHJGECF_00335;43;35;251;267;42
CMHJGECF_00336;160;105;943;929;115
CMHJGECF_00337;12;14;134;162;11
CMHJGECF_00338;49;43;271;322;49
CMHJGECF_00339;53;32;785;743;50
CMHJGECF_00340;46;29;1194;1588;50
CMHJGECF_00341;28;19;925;905;30
CMHJGECF_00342;13;9;290;222;8
CMHJGECF_00343;12;5;82;143;10
CMHJGECF_00344;21;23;162;228;21
CMHJGECF_00345;133;116;1246;1234;144
CMHJGECF_00347;367;192;1870;1993;225
CMHJGECF_00348;321;158;1243;1138;218
CMHJGECF_00349;97;88;1857;1565;109
CMHJGECF_00350;29;24;348;388;17
CMHJGECF_00351;30;23;277;195;26
CMHJGECF_00352;15;7;124;125;12
CMHJGECF_00353;189;121;1331;1090;151
CMHJGECF_00354;939;574;6829;5588;823
CMHJGECF_00355;267;220;2775;2438;251
CMHJGECF_00356;883;694;7473;6720;755
CMHJGECF_00357;106;79;985;860;103
CMHJGECF_00358;26;42;241;272;73
CMHJGECF_00359;13;23;110;131;20
CMHJGECF_00360;7;6;53;59;8
CMHJGECF_00361;615;794;4397;4195;927
CMHJGECF_00362;2;1;38;62;3
CMHJGECF_00363;105;138;953;931;168
CMHJGECF_00364;137;175;890;1045;222
CMHJGECF_00365;155;128;1179;1132;134
CMHJGECF_00366;239;271;2576;2936;323
CMHJGECF_00367;311;208;2248;1735;297
CMHJGECF_00368;368;239;2639;2068;347
CMHJGECF_00369;235;106;1238;1176;162
CMHJGECF_00370;11;4;127;202;14
CMHJGECF_00371;412;195;2865;2343;364
CMHJGECF_00372;137;101;2380;2315;149
CMHJGECF_00373;361;329;4999;4196;433
CMHJGECF_00374;251;189;2797;2221;237
CMHJGECF_00375;24297;17281;66290;78331;18556
CMHJGECF_00376;1496;965;7643;7630;1260
CMHJGECF_00377;144;124;496;1028;136
CMHJGECF_00378;381;272;1952;1782;335
CMHJGECF_00379;172;120;650;796;166
CMHJGECF_00380;263;211;976;1052;195
CMHJGECF_00381;151;165;1052;1176;157
CMHJGECF_00382;364;254;1954;1820;346
CMHJGECF_00383;230;179;1419;1646;236
CMHJGECF_00384;86;77;592;682;74
CMHJGECF_00385;77;75;597;837;80
CMHJGECF_00386;159;120;758;906;139
CMHJGECF_00387;115;98;747;1002;112
CMHJGECF_00388;115;84;418;505;105
CMHJGECF_00389;61;46;431;558;69
CMHJGECF_00390;2591;2192;16722;15937;2377
CMHJGECF_00391;302;241;2174;2991;273
CMHJGECF_00392;895;732;5586;5599;936
CMHJGECF_00393;1630;1256;8913;9393;1567
CMHJGECF_00394;29;23;200;329;30
CMHJGECF_00395;1977;1633;12172;15049;2035
CMHJGECF_00397;830;641;3953;4369;848
CMHJGECF_00398;373;393;2633;2736;409
CMHJGECF_00399;343;276;2368;2009;357
CMHJGECF_00400;130;109;798;796;113
CMHJGECF_00401;1445;891;4261;4729;1228
CMHJGECF_00402;49;34;340;459;33
CMHJGECF_00403;3038;8091;329661;525169;7643
CMHJGECF_00404;834;628;5807;4995;787
CMHJGECF_00405;208;177;1718;1582;235
CMHJGECF_00406;112;77;752;758;122
CMHJGECF_00407;46;36;348;329;33
CMHJGECF_00408;150;105;980;879;126
CMHJGECF_00409;56;44;423;368;50
CMHJGECF_00410;61;46;633;621;72
CMHJGECF_00411;1696;807;11313;8716;1318
CMHJGECF_00412;198;182;1439;1580;231
CMHJGECF_00413;951;836;6443;6282;935
CMHJGECF_00414;22;27;215;239;27
CMHJGECF_00415;450;343;2655;2054;377
CMHJGECF_00416;67;41;430;307;46
CMHJGECF_00417;226;125;1345;1301;186
CMHJGECF_00418;553;281;3261;2696;403
CMHJGECF_00419;73;38;411;435;74
CMHJGECF_00420;140;88;762;685;114
CMHJGECF_00421;173;108;989;839;160
CMHJGECF_00422;15;21;136;120;11
CMHJGECF_00423;181;115;1420;1327;152
CMHJGECF_00424;382;343;2138;2837;328
CMHJGECF_00425;130;90;1037;1137;130
CMHJGECF_00426;127;149;863;1249;158
CMHJGECF_00427;69;89;531;717;95
CMHJGECF_00428;281;185;2472;3138;229
CMHJGECF_00429;0;2;6;12;1
CMHJGECF_00430;12;8;142;110;10
CMHJGECF_00431;8;4;67;75;10
CMHJGECF_00432;29;28;252;270;24
CMHJGECF_00433;0;0;0;0;0
CMHJGECF_00434;34;25;585;456;23
CMHJGECF_00435;45;32;553;491;57
CMHJGECF_00436;2;8;32;46;8
CMHJGECF_00437;5;2;49;52;8
CMHJGECF_00438;0;0;0;0;0
CMHJGECF_00439;19;16;62;106;12
CMHJGECF_00440;19;16;124;107;18
CMHJGECF_00441;27;32;58;76;22
CMHJGECF_00442;22;38;260;407;25
CMHJGECF_00443;9;19;199;194;21
CMHJGECF_00444;42;35;451;429;46
CMHJGECF_00445;17;13;102;188;10
CMHJGECF_00446;52;57;377;642;55
CMHJGECF_00447;1053;724;7095;8600;925
CMHJGECF_00448;339;262;3017;3517;316
CMHJGECF_00449;323;191;2973;2700;304
CMHJGECF_00451;40;31;359;308;34
CMHJGECF_00452;150;90;1527;849;137
CMHJGECF_00453;483;217;2771;2085;361
CMHJGECF_00454;287;146;1812;1362;209
CMHJGECF_00455;404;162;2439;1669;272
CMHJGECF_00456;124;78;888;924;129
CMHJGECF_00457;165;111;1117;919;128
CMHJGECF_00459;82;58;1067;1261;64
CMHJGECF_00460;224;149;1232;1177;203
CMHJGECF_00461;382;235;2770;2334;265
CMHJGECF_00462;147;114;1248;890;118
CMHJGECF_00463;55;29;632;416;48
CMHJGECF_00464;151;79;1421;1032;116
CMHJGECF_00465;350;193;2951;2281;283
CMHJGECF_00466;195;152;1633;1254;145
CMHJGECF_00467;213;149;1299;1154;175
CMHJGECF_00468;85;33;381;413;56
CMHJGECF_00469;380;229;2354;1804;299
CMHJGECF_00470;356;153;2110;1572;278
CMHJGECF_00471;258;193;1532;1560;229
CMHJGECF_00472;64;43;504;406;41
CMHJGECF_00473;312;192;2125;1489;251
CMHJGECF_00474;272;160;1693;1663;191
CMHJGECF_00475;83;70;651;641;66
CMHJGECF_00476;248;192;1591;1723;220
CMHJGECF_00477;179;125;911;1269;153
CMHJGECF_00478;18;17;198;214;14
CMHJGECF_00479;89;59;911;1054;61
CMHJGECF_00480;125;85;803;730;107
CMHJGECF_00481;347;227;1889;1545;244
CMHJGECF_00482;411;274;2445;2685;336
CMHJGECF_00483;574;522;7818;10016;644
CMHJGECF_00484;233;194;2018;2217;208
CMHJGECF_00485;41;31;379;307;35
CMHJGECF_00486;214;168;1581;1632;190
CMHJGECF_00487;572;409;3780;3830;484
CMHJGECF_00488;1282;617;6089;5165;1005
CMHJGECF_00489;813;473;4233;4250;621
CMHJGECF_00490;1363;1062;8426;8130;1228
CMHJGECF_00491;86;79;671;867;65
CMHJGECF_00492;235;190;1895;1522;235
CMHJGECF_00493;232;162;1588;1283;165
CMHJGECF_00494;174;139;1476;1523;152
CMHJGECF_00495;839;727;5242;5897;919
CMHJGECF_00496;397;306;3498;4811;382
CMHJGECF_00497;1130;964;8462;6727;1170
CMHJGECF_00498;181;155;1402;1235;192
CMHJGECF_00499;162;100;1206;1009;142
CMHJGECF_00500;52;14;135;97;27
CMHJGECF_00501;191;92;1192;998;137
CMHJGECF_00502;400;262;2548;2337;333
CMHJGECF_00503;192;163;1323;1266;210
CMHJGECF_00505;845;268;2287;1550;473
CMHJGECF_00506;826;337;3693;3037;557
CMHJGECF_00507;165;70;585;458;91
CMHJGECF_00508;223;144;1137;1030;156
CMHJGECF_00509;559;253;3232;2745;319
CMHJGECF_00510;218;153;1798;1601;186
CMHJGECF_00511;119;88;574;554;120
CMHJGECF_00512;41;30;311;271;47
CMHJGECF_00513;3192;2468;15945;18318;2918
CMHJGECF_00514;87;55;582;509;75
CMHJGECF_00515;36;24;300;221;23
CMHJGECF_00516;154;134;1609;2033;150
CMHJGECF_00517;203;133;2044;1827;183
CMHJGECF_00518;163;98;1072;931;105
CMHJGECF_00519;220;170;1481;1157;217
CMHJGECF_00520;64;39;623;413;66
CMHJGECF_00521;21;20;123;122;19
CMHJGECF_00522;378;192;1558;1248;263
CMHJGECF_00523;778;533;3883;3704;836
CMHJGECF_00524;125;94;840;679;64
CMHJGECF_00525;121;106;834;748;85
CMHJGECF_00526;30;20;213;178;33
CMHJGECF_00527;168;108;1144;873;135
CMHJGECF_00528;572;288;3756;2847;372
CMHJGECF_00529;429;299;3146;2493;416
CMHJGECF_00530;120;71;737;724;83
CMHJGECF_00531;133;77;971;893;146
CMHJGECF_00532;1401;1718;19753;30536;1799
CMHJGECF_00533;250;197;1431;1045;215
CMHJGECF_00534;1237;732;6336;5216;1198
CMHJGECF_00535;591;396;3185;2367;610
CMHJGECF_00536;274;235;1730;1629;281
CMHJGECF_00537;274;186;2687;2192;235
CMHJGECF_00538;126;72;864;807;124
CMHJGECF_00539;39;35;434;366;46
CMHJGECF_00540;36;30;321;314;39
CMHJGECF_00541;44;31;368;478;54
CMHJGECF_00542;103;131;1275;1532;137
CMHJGECF_00543;95;75;969;872;84
CMHJGECF_00544;71;17;435;522;15
CMHJGECF_00545;84;52;409;413;75
CMHJGECF_00546;56;46;552;410;45
CMHJGECF_00547;198;157;2039;2016;222
CMHJGECF_00548;354;201;2843;2826;317
CMHJGECF_00549;513;297;3756;3387;395
CMHJGECF_00550;375;201;3135;2661;240
CMHJGECF_00551;609;315;6006;5495;549
CMHJGECF_00552;240;174;2517;2111;180
CMHJGECF_00553;256;170;2874;2185;231
CMHJGECF_00554;78;64;719;772;60
CMHJGECF_00555;471;281;4300;2966;334
CMHJGECF_00556;635;485;5749;6509;635
CMHJGECF_00557;130;117;1611;1485;139
CMHJGECF_00558;84;52;532;593;68
CMHJGECF_00559;418;239;3090;3075;364
CMHJGECF_00560;10;7;291;223;5
CMHJGECF_00561;370;296;2420;2714;382
CMHJGECF_00562;17392;10350;125780;82500;15041
CMHJGECF_00563;375;221;2254;1937;308
CMHJGECF_00564;6;3;96;99;5
CMHJGECF_00565;4;2;39;9;4
CMHJGECF_00566;21;19;176;200;19
CMHJGECF_00567;5;4;61;52;14
CMHJGECF_00568;0;5;35;57;6
CMHJGECF_00569;19;19;182;172;28
CMHJGECF_00570;22;13;109;139;13
CMHJGECF_00571;153;100;1406;1056;93
CMHJGECF_00572;389;131;3726;2783;235
CMHJGECF_00573;68;46;866;837;53
CMHJGECF_00574;289;189;2252;1795;244
CMHJGECF_00575;137;139;1787;1920;161
CMHJGECF_00576;265;208;1576;1370;271
CMHJGECF_00577;979;675;7564;5837;819
CMHJGECF_00578;478;221;3141;2759;316
CMHJGECF_00579;431;229;2923;2862;327
CMHJGECF_00581;48;30;509;529;46
CMHJGECF_00582;290;216;2574;2336;316
CMHJGECF_00583;157;110;1244;966;133
CMHJGECF_00584;131;96;1576;1302;119
CMHJGECF_00585;93;25;338;329;27
CMHJGECF_00586;140;38;654;516;48
CMHJGECF_00587;343;72;1435;1022;86
CMHJGECF_00588;237;87;1268;1133;103
CMHJGECF_00589;183;71;1330;1174;88
CMHJGECF_00590;221;94;1696;1386;148
CMHJGECF_00591;142;75;1112;896;95
CMHJGECF_00592;71;31;554;485;23
CMHJGECF_00593;48;32;352;359;35
CMHJGECF_00594;42;27;214;279;23
CMHJGECF_00595;34;34;561;669;38
CMHJGECF_00596;13;5;53;49;6
CMHJGECF_00597;3;3;30;39;3
CMHJGECF_00598;6;4;51;68;11
CMHJGECF_00599;105;94;897;890;90
CMHJGECF_00600;76;78;548;505;86
CMHJGECF_00601;1473;1100;13505;11446;1251
CMHJGECF_00602;130;62;1449;1726;89
CMHJGECF_00603;35;20;541;738;30
CMHJGECF_00604;23;19;222;359;23
CMHJGECF_00605;109;57;1240;967;67
CMHJGECF_00606;318;231;2522;2435;325
CMHJGECF_00607;10;3;24;63;5
CMHJGECF_00608;26;19;324;348;31
CMHJGECF_00609;152;70;716;477;71
CMHJGECF_00610;30;21;199;128;30
CMHJGECF_00611;14;5;66;60;8
CMHJGECF_00612;1711;1339;9976;12959;1579
CMHJGECF_00613;379;206;2091;2176;299
CMHJGECF_00614;62;41;524;649;44
CMHJGECF_00615;39;13;329;254;24
CMHJGECF_00616;40;19;272;229;18
CMHJGECF_00617;19;16;105;130;7
CMHJGECF_00618;804;662;7007;7398;829
CMHJGECF_00619;0;0;106;139;1
CMHJGECF_00620;19;12;1439;1345;18
CMHJGECF_00621;12;13;905;1021;12
CMHJGECF_00622;42;30;2588;2653;42
CMHJGECF_00623;19;12;423;427;5
CMHJGECF_00624;99;61;989;1316;89
CMHJGECF_00625;0;0;10;8;1
CMHJGECF_00626;50;24;225;188;34
CMHJGECF_00627;2;0;5;19;1
CMHJGECF_00628;14;10;80;82;6
CMHJGECF_00629;8;4;28;55;6
CMHJGECF_00630;3;7;79;96;8
CMHJGECF_00631;16;9;63;80;8
CMHJGECF_00632;27;7;190;156;17
CMHJGECF_00633;12;7;110;75;5
CMHJGECF_00634;26;11;60;96;14
CMHJGECF_00635;52;42;517;543;37
CMHJGECF_00636;73;39;904;945;70
CMHJGECF_00637;33;17;162;150;14
CMHJGECF_00638;28;15;288;310;16
CMHJGECF_00639;2;0;7;9;2
CMHJGECF_00640;8;1;71;57;9
CMHJGECF_00641;157;74;963;1008;110
CMHJGECF_00643;280;227;2454;2107;238
CMHJGECF_00644;94;64;1216;1258;69
CMHJGECF_00645;106;74;1090;810;115
CMHJGECF_00646;71;64;798;587;59
CMHJGECF_00647;10;5;75;85;9
CMHJGECF_00648;36;31;561;427;35
CMHJGECF_00649;0;0;12;25;0
CMHJGECF_00650;306;202;4054;2911;250
CMHJGECF_00651;900;336;4410;3147;484
CMHJGECF_00652;379;243;4028;4802;286
CMHJGECF_00653;458;281;2325;1642;365
CMHJGECF_00654;59;43;523;463;49
CMHJGECF_00655;45;55;736;528;65
CMHJGECF_00656;19;6;73;49;19
CMHJGECF_00657;28;28;154;134;24
CMHJGECF_00659;72;42;439;422;51
CMHJGECF_00660;76;34;509;408;71
CMHJGECF_00661;118;77;1285;1182;121
CMHJGECF_00662;4341;3136;35295;32847;3790
CMHJGECF_00663;170;97;979;1049;137
CMHJGECF_00664;260;158;2207;2415;194
CMHJGECF_00665;99;54;952;868;94
CMHJGECF_00666;1054;930;22947;29066;1079
CMHJGECF_00667;552;345;4576;3535;485
CMHJGECF_00668;228;156;2184;1916;206
CMHJGECF_00669;265;214;2329;1953;268
CMHJGECF_00670;2812;1594;14724;11681;2293
CMHJGECF_00671;863;678;8141;10036;872
CMHJGECF_00672;394;326;4081;3745;421
CMHJGECF_00673;648;374;4422;4179;526
CMHJGECF_00674;519;292;4564;5175;444
CMHJGECF_00675;32;15;362;367;34
CMHJGECF_00676;155;141;980;1166;171
CMHJGECF_00677;1527;936;13781;13071;1272
CMHJGECF_00678;687;450;6903;7231;534
CMHJGECF_00679;15;6;94;187;9
CMHJGECF_00680;470;219;3083;2616;323
CMHJGECF_00681;462;278;2486;2519;398
CMHJGECF_00682;628;478;5334;6713;550
CMHJGECF_00683;305;165;2449;2414;269
CMHJGECF_00684;250;127;2049;1543;214
CMHJGECF_00685;111;57;1025;1109;96
CMHJGECF_00686;114;65;553;555;100
CMHJGECF_00687;0;4;27;40;2
CMHJGECF_00688;5269;3287;18629;17224;4409
CMHJGECF_00689;1078;733;5824;5528;973
CMHJGECF_00690;2534;1445;12792;11203;1684
CMHJGECF_00691;7542;5968;43192;44460;7213
CMHJGECF_00692;33;27;414;523;28
CMHJGECF_00693;285;233;2436;3646;298
CMHJGECF_00694;44;25;420;560;46
CMHJGECF_00695;98;69;1066;1096;95
CMHJGECF_00696;146;99;998;1076;119
CMHJGECF_00697;486;294;3482;3810;399
CMHJGECF_00698;312;188;1944;2182;277
CMHJGECF_00699;145;107;1214;1599;130
CMHJGECF_00700;1049;663;8680;8207;877
CMHJGECF_00701;231;184;1772;2428;222
CMHJGECF_00702;7;6;111;136;9
CMHJGECF_00703;196;141;1719;1603;187
CMHJGECF_00704;85;107;873;738;127
CMHJGECF_00705;915;580;7118;6959;841
CMHJGECF_00706;374;293;3125;3079;334
CMHJGECF_00707;139;94;1214;1404;132
CMHJGECF_00708;213;154;1722;1788;221
CMHJGECF_00709;133;80;788;986;109
CMHJGECF_00710;79;48;761;749;89
CMHJGECF_00711;273;211;1943;2767;237
CMHJGECF_00712;654;440;3965;4631;574
CMHJGECF_00713;1158;795;7705;8484;1192
CMHJGECF_00714;163;122;1167;1198;162
CMHJGECF_00715;121;95;825;925;100
CMHJGECF_00716;177;104;1029;913;163
CMHJGECF_00717;314;117;1736;1279;238
CMHJGECF_00718;9286;4678;38772;33701;8196
CMHJGECF_00719;2357;1349;10459;12040;1982
CMHJGECF_00720;2207;943;7117;6860;1617
CMHJGECF_00721;2693;1401;8871;9571;2016
CMHJGECF_00722;238;98;762;1312;150
CMHJGECF_00723;3327;1885;11165;11810;2836
CMHJGECF_00724;145;128;538;697;174
CMHJGECF_00725;108;95;423;535;93
CMHJGECF_00726;162;101;664;794;119
CMHJGECF_00727;247;247;1417;1457;301
CMHJGECF_00728;34;27;199;324;27
CMHJGECF_00729;127;72;788;815;123
CMHJGECF_00730;57;37;355;245;51
CMHJGECF_00731;29;24;215;214;44
CMHJGECF_00732;90;79;795;935;92
CMHJGECF_00733;78;51;508;493;67
CMHJGECF_00734;303;132;1214;1134;249
CMHJGECF_00735;186;109;1140;960;138
CMHJGECF_00736;79;72;575;491;89
CMHJGECF_00737;1;2;18;12;2
CMHJGECF_00738;19;13;160;184;22
CMHJGECF_00739;169;128;1095;1282;194
CMHJGECF_00740;121;69;600;620;115
CMHJGECF_00741;162;106;1591;2369;144
CMHJGECF_00742;860;695;7427;8127;847
CMHJGECF_00743;136;105;1225;1203;127
CMHJGECF_00744;129;78;1211;991;131
CMHJGECF_00745;224;139;1590;1557;179
CMHJGECF_00746;195;149;1610;1641;188
CMHJGECF_00747;122;65;1028;960;82
CMHJGECF_00748;531;348;4106;4239;436
CMHJGECF_00749;1312;1244;9941;9252;1353
CMHJGECF_00750;109;85;1301;1848;82
CMHJGECF_00751;465;361;3128;3732;486
CMHJGECF_00752;874;1012;10102;11724;1073
CMHJGECF_00753;53;29;504;407;48
CMHJGECF_00754;10;13;345;392;21
CMHJGECF_00755;306;169;2258;1710;255
CMHJGECF_00756;1057;619;5138;5222;918
CMHJGECF_00757;3378;2167;30686;39050;3286
CMHJGECF_00758;303;146;1599;1714;252
CMHJGECF_00759;169;116;1031;1231;150
CMHJGECF_00760;50;33;381;406;46
CMHJGECF_00761;0;0;0;7;0
CMHJGECF_00762;239;150;1665;1959;213
CMHJGECF_00763;783;501;4592;3094;647
CMHJGECF_00764;40;27;266;174;27
CMHJGECF_00765;132;75;1685;1197;110
CMHJGECF_00766;571;311;4256;3864;530
CMHJGECF_00767;222;211;2935;4295;200
CMHJGECF_00768;113;72;783;668;97
CMHJGECF_00769;202;123;1690;1576;149
CMHJGECF_00770;278;182;1984;1732;268
CMHJGECF_00771;762;585;7082;6575;747
CMHJGECF_00772;88;69;798;714;76
CMHJGECF_00773;217;153;1193;1120;182
CMHJGECF_00774;146;81;657;628;123
CMHJGECF_00775;515;265;2369;2242;405
CMHJGECF_00776;76;53;457;473;50
CMHJGECF_00777;44;36;924;1377;41
CMHJGECF_00778;417;338;4199;3445;315
CMHJGECF_00779;82;73;1314;1176;100
CMHJGECF_00780;289;170;2400;2211;244
CMHJGECF_00781;173;102;1634;1180;96
CMHJGECF_00782;169;79;901;695;93
CMHJGECF_00783;296;187;2039;1435;238
CMHJGECF_00784;53;31;298;362;35
CMHJGECF_00785;150;165;691;700;129
CMHJGECF_00786;173;114;1100;937;127
CMHJGECF_00787;100;44;511;409;53
CMHJGECF_00788;352;193;2214;2348;292
CMHJGECF_00789;87;47;622;620;66
CMHJGECF_00790;87;67;687;638;67
CMHJGECF_00791;29;19;216;228;14
CMHJGECF_00792;32;24;193;159;21
CMHJGECF_00793;51;22;311;299;42
CMHJGECF_00794;0;0;7;25;1
CMHJGECF_00795;689;642;5018;4668;699
CMHJGECF_00796;33;19;440;450;28
CMHJGECF_00797;335;255;2709;2167;314
CMHJGECF_00798;112;69;745;631;104
CMHJGECF_00799;231;103;1452;1089;161
CMHJGECF_00800;23;20;210;220;23
CMHJGECF_00801;92;39;466;487;59
CMHJGECF_00802;219;120;1113;733;138
CMHJGECF_00803;190;133;943;886;204
CMHJGECF_00804;130;70;1075;692;82
CMHJGECF_00805;122;81;1317;1003;76
CMHJGECF_00806;18;6;129;126;8
CMHJGECF_00807;65;33;368;266;37
CMHJGECF_00808;397;262;4627;3969;343
CMHJGECF_00809;32766;14973;213859;163280;21884
CMHJGECF_00810;175;164;3861;3711;214
CMHJGECF_00811;44;36;402;319;43
CMHJGECF_00812;111;58;723;641;91
CMHJGECF_00813;13;6;75;58;2
CMHJGECF_00814;15;12;166;122;26
CMHJGECF_00815;122;66;1188;646;77
CMHJGECF_00816;24;20;222;138;12
CMHJGECF_00817;15;12;122;175;9
CMHJGECF_00818;1077;731;7972;7118;983
CMHJGECF_00819;85;66;875;534;95
CMHJGECF_00820;431;211;1127;783;245
CMHJGECF_00821;2575;1175;26052;29715;1329
CMHJGECF_00822;588;295;4627;3436;273
CMHJGECF_00823;167;80;836;555;108
CMHJGECF_00824;356;95;2553;1334;66
CMHJGECF_00825;740;151;1971;1222;219
CMHJGECF_00826;45;17;198;173;14
CMHJGECF_00827;116;76;1213;969;63
CMHJGECF_00828;31;16;288;170;19
CMHJGECF_00829;6;3;84;74;3
CMHJGECF_00830;90;43;681;460;53
CMHJGECF_00831;53;17;472;444;29
CMHJGECF_00832;39;32;417;285;27
CMHJGECF_00833;142;106;1656;1609;150
CMHJGECF_00834;93;93;1261;1371;100
CMHJGECF_00835;19;17;77;91;14
CMHJGECF_00836;217;113;1637;1236;123
CMHJGECF_00837;16;6;332;338;23
CMHJGECF_00838;10;4;64;112;5
CMHJGECF_00839;74;40;832;491;53
CMHJGECF_00840;476;197;4026;2574;217
CMHJGECF_00841;345;127;2521;1604;216
CMHJGECF_00842;8;10;336;230;6
CMHJGECF_00843;2;0;12;9;0
CMHJGECF_00844;166;90;1249;833;75
CMHJGECF_00845;52;37;647;421;31
CMHJGECF_00846;50;30;416;302;15
CMHJGECF_00847;30;13;299;181;8
CMHJGECF_00848;79;14;579;452;33
CMHJGECF_00849;120;29;942;806;57
CMHJGECF_00850;1;3;16;13;0
CMHJGECF_00851;2;1;17;9;2
CMHJGECF_00852;1;0;7;5;0
CMHJGECF_00853;10;6;63;94;11
CMHJGECF_00854;22;42;359;355;34
CMHJGECF_00855;81;91;784;875;71
CMHJGECF_00856;186;199;1753;2254;269
CMHJGECF_00857;62;44;565;625;60
CMHJGECF_00858;84;77;674;1018;116
CMHJGECF_00859;576;641;2388;3351;601
CMHJGECF_00860;362;380;1067;1444;254
CMHJGECF_00861;233;210;1191;1531;189
CMHJGECF_00862;89;76;457;617;91
CMHJGECF_00863;354;328;2275;2563;342
CMHJGECF_00864;272;201;1967;2168;234
CMHJGECF_00865;774;736;3526;5173;697
CMHJGECF_00866;118;99;602;683;114
CMHJGECF_00867;74;27;185;270;32
CMHJGECF_00868;30;35;245;190;21
CMHJGECF_00869;232;111;1333;1281;160
CMHJGECF_00870;84;46;365;287;57
CMHJGECF_00871;1705;810;6930;7792;1177
CMHJGECF_00872;0;0;0;0;0
CMHJGECF_00873;0;0;0;0;0
CMHJGECF_00874;44;38;300;418;40
CMHJGECF_00875;56;40;371;357;60
CMHJGECF_00876;112;90;697;823;117
CMHJGECF_00877;95;53;381;332;64
CMHJGECF_00878;155;158;1106;1102;132
CMHJGECF_00879;24;8;172;185;11
CMHJGECF_00880;27;15;181;210;13
CMHJGECF_00881;95;65;887;991;118
CMHJGECF_00882;14;11;61;50;8
CMHJGECF_00883;45;19;197;125;18
CMHJGECF_00884;45;47;225;327;40
CMHJGECF_00885;284;249;2010;2291;224
CMHJGECF_00886;50;49;385;616;40
CMHJGECF_00887;454;485;759;1361;415
CMHJGECF_00888;383;273;2644;2624;266
CMHJGECF_00889;194;113;1151;1360;132
CMHJGECF_00890;502;221;2815;2851;331
CMHJGECF_00891;429;200;2767;2674;319
CMHJGECF_00892;419;269;2618;3307;308
CMHJGECF_00893;425;224;2487;3178;338
CMHJGECF_00894;488;245;2436;3100;367
CMHJGECF_00895;1015;562;6428;6585;858
CMHJGECF_00896;402;228;1013;807;284
CMHJGECF_00897;49;30;363;287;37
CMHJGECF_00898;18;25;263;195;13
CMHJGECF_00899;42;30;385;300;27
CMHJGECF_00900;223;222;2468;2696;207
CMHJGECF_00901;543;351;2290;1739;441
CMHJGECF_00902;110;90;433;554;94
CMHJGECF_00903;152;123;1543;1346;171
CMHJGECF_00904;8;11;130;122;14
CMHJGECF_00905;26;35;403;321;33
CMHJGECF_00906;7;5;121;109;9
CMHJGECF_00907;10;9;56;25;5
CMHJGECF_00908;1;3;19;19;3
CMHJGECF_00909;15;11;132;104;14
CMHJGECF_00910;3;4;44;37;0
CMHJGECF_00911;41;28;370;374;46
CMHJGECF_00912;11;14;66;54;8
CMHJGECF_00913;17;7;218;273;15
CMHJGECF_00914;26;15;174;100;23
CMHJGECF_00915;736;491;4773;4465;547
CMHJGECF_00916;137;59;1691;1103;66
CMHJGECF_00917;10;6;99;44;2
CMHJGECF_00918;10;9;198;98;7
CMHJGECF_00919;6;5;72;72;9
CMHJGECF_00920;3;0;25;27;5
CMHJGECF_00921;11;4;38;61;6
CMHJGECF_00922;21;8;173;108;11
CMHJGECF_00923;1;1;30;17;1
CMHJGECF_00924;69;31;371;299;46
CMHJGECF_00925;200;85;1274;793;87
CMHJGECF_00926;89;54;950;822;77
CMHJGECF_00927;30;25;344;271;24
CMHJGECF_00928;313;211;2241;1892;220
CMHJGECF_00929;14;6;238;117;6
CMHJGECF_00930;21;8;127;108;7
CMHJGECF_00931;48;54;1253;1003;58
CMHJGECF_00932;19;17;429;213;17
CMHJGECF_00933;12;11;281;249;24
CMHJGECF_00934;9;6;185;194;7
CMHJGECF_00935;26;13;197;141;8
CMHJGECF_00936;256;87;1268;667;112
CMHJGECF_00937;115;36;528;505;59
CMHJGECF_00938;108;43;517;383;44
CMHJGECF_00939;128;60;593;495;79
CMHJGECF_00940;137;131;2869;3956;165
CMHJGECF_00941;143;83;1340;1188;86
CMHJGECF_00942;816;279;4535;2799;472
CMHJGECF_00943;107;88;1339;1161;111
CMHJGECF_00944;141;138;2360;2870;158
CMHJGECF_00945;43;36;356;312;37
CMHJGECF_00946;5;6;82;56;13
CMHJGECF_00947;235;236;2589;3009;287
CMHJGECF_00948;3;0;12;26;0
CMHJGECF_00949;47;48;308;227;45
CMHJGECF_00951;376;233;2369;2152;313
CMHJGECF_00952;294;168;2389;1677;242
CMHJGECF_00953;15;10;221;327;16
CMHJGECF_00954;438;253;2673;2070;338
CMHJGECF_00955;129;97;1331;1391;122
CMHJGECF_00956;201;107;1376;972;114
CMHJGECF_00957;1761;1015;10011;7841;1493
CMHJGECF_00958;333;162;1890;1664;277
CMHJGECF_00959;304;169;1966;1440;235
CMHJGECF_00960;222;27;321;257;32
CMHJGECF_00961;370;43;441;347;72
CMHJGECF_00962;146;15;331;322;34
CMHJGECF_00963;168;97;1225;1173;108
CMHJGECF_00964;58;24;410;334;34
CMHJGECF_00965;771;374;3162;2594;534
CMHJGECF_00966;443;255;3755;3301;338
CMHJGECF_00967;1526;713;9316;7642;1016
CMHJGECF_00968;2171;984;14033;13082;1671
CMHJGECF_00969;800;435;3852;3952;639
CMHJGECF_00970;117;113;724;770;113
CMHJGECF_00971;103;86;791;825;125
CMHJGECF_00972;1769;1393;10859;10588;1680
CMHJGECF_00973;384;289;2319;2304;298
CMHJGECF_00974;1235;691;5879;7011;1075
CMHJGECF_00975;348;282;2572;3166;332
CMHJGECF_00976;562;419;3051;3515;503
CMHJGECF_00977;89;54;425;463;76
CMHJGECF_00978;315;202;2079;2337;315
CMHJGECF_00979;320;265;2120;2526;303
CMHJGECF_00981;584;405;2494;2856;513
CMHJGECF_00982;582;368;2918;2770;520
CMHJGECF_00983;395;314;2050;2851;419
CMHJGECF_00984;534;430;2451;3188;443
CMHJGECF_00985;186;173;967;1274;182
CMHJGECF_00986;359;318;1819;1932;362
CMHJGECF_00987;105;77;621;945;86
CMHJGECF_00988;301;189;1790;1978;267
CMHJGECF_00989;229;169;1679;1710;193
CMHJGECF_00990;14;13;237;399;10
CMHJGECF_00991;3;5;53;79;5
CMHJGECF_00992;199;148;1401;1402;196
CMHJGECF_00993;427;265;2016;1795;340
CMHJGECF_00995;1246;465;5059;4630;961
CMHJGECF_00996;889;600;3556;4490;764
CMHJGECF_01000;1179;631;3124;2900;961
CMHJGECF_01002;161;115;864;1589;163
CMHJGECF_01003;315;223;1449;2340;282
CMHJGECF_01004;488;398;2005;2571;456
CMHJGECF_01005;798;545;3470;4552;741
CMHJGECF_01006;830;526;3750;5239;677
CMHJGECF_01007;1067;769;3903;4721;757
CMHJGECF_01008;4263;2291;16724;23594;3221
CMHJGECF_01009;4945;2609;19293;26329;3770
CMHJGECF_01010;787;515;2709;2333;790
CMHJGECF_01011;473;256;1747;2390;332
CMHJGECF_01012;2986;2044;12681;18559;2553
CMHJGECF_01013;263;147;888;1046;244
CMHJGECF_01014;163;141;983;1625;147
CMHJGECF_01015;562;402;2845;4665;486
CMHJGECF_01016;385;329;2409;3443;365
CMHJGECF_01017;97;102;524;1295;105
CMHJGECF_01018;1104;793;5226;6900;1005
CMHJGECF_01019;205;164;894;1623;166
CMHJGECF_01020;134;77;693;1197;106
CMHJGECF_01021;1387;1008;4786;6857;1141
CMHJGECF_01022;965;726;2769;3869;781
CMHJGECF_01023;2100;1485;7432;9914;1616
CMHJGECF_01024;667;657;2197;4193;593
CMHJGECF_01025;670;470;3492;4406;527
CMHJGECF_01026;274;183;1004;1355;193
CMHJGECF_01027;1157;706;3668;4526;891
CMHJGECF_01028;356;262;1602;1797;333
CMHJGECF_01029;753;629;3263;4197;675
CMHJGECF_01030;288;346;1949;3465;303
CMHJGECF_01031;684;693;4139;5349;723
CMHJGECF_01032;110;98;625;1046;132
CMHJGECF_01033;1468;1072;3902;5478;1221
CMHJGECF_01034;1124;781;4973;6560;960
CMHJGECF_01035;1430;884;5649;7098;1047
CMHJGECF_01036;487;299;2308;3062;420
CMHJGECF_01037;78;52;322;459;51
CMHJGECF_01038;108;72;487;435;101
CMHJGECF_01039;99;81;560;633;111
CMHJGECF_01040;822;468;4916;5749;728
CMHJGECF_01041;587;318;3095;3448;503
CMHJGECF_01042;717;449;4508;4174;747
CMHJGECF_01043;91;43;530;482;74
CMHJGECF_01044;36;31;404;387;22
CMHJGECF_01045;691;425;4147;4348;616
CMHJGECF_01046;657;530;3758;4221;685
CMHJGECF_01047;515;394;4938;4853;529
CMHJGECF_01048;325;209;2760;2939;332
CMHJGECF_01049;251;158;2310;1672;227
CMHJGECF_01050;237;204;1154;1251;282
CMHJGECF_01051;488;217;3232;2574;305
CMHJGECF_01052;374;172;1894;2178;223
CMHJGECF_01053;546;277;3194;3403;370
CMHJGECF_01054;416;228;3680;4495;284
CMHJGECF_01055;586;334;3873;4017;433
CMHJGECF_01056;639;427;4144;4305;580
CMHJGECF_01057;361;267;2796;2482;323
CMHJGECF_01058;59;43;602;726;61
CMHJGECF_01059;125;85;986;968;130
CMHJGECF_01060;120;60;683;668;69
CMHJGECF_01061;69;62;483;461;64
CMHJGECF_01062;934;560;8142;7339;830
CMHJGECF_01063;630;407;6586;5737;544
CMHJGECF_01064;266;208;2825;2970;217
CMHJGECF_01065;100;82;888;894;103
CMHJGECF_01066;347;282;3184;2915;340
CMHJGECF_01067;1047;709;6948;6587;909
CMHJGECF_01068;309;200;2424;2390;272
CMHJGECF_01069;128;89;1094;1207;137
CMHJGECF_01070;245;143;2218;1910;260
CMHJGECF_01071;242;100;1726;1508;184
CMHJGECF_01072;34;11;385;409;26
CMHJGECF_01073;1045;327;6273;3827;648
CMHJGECF_01074;1529;467;10033;6389;883
CMHJGECF_01075;1220;479;6753;5372;797
CMHJGECF_01076;293;126;2117;3611;177
CMHJGECF_01077;339;318;3633;4088;365
CMHJGECF_01078;193;150;1187;1304;191
CMHJGECF_01079;202;111;976;1129;145
CMHJGECF_01080;852;584;7685;7595;853
CMHJGECF_01081;121;110;1191;1069;121
CMHJGECF_01082;337;200;1938;1573;264
CMHJGECF_01083;144;73;575;498;114
CMHJGECF_01084;377;274;2581;2775;370
CMHJGECF_01085;140;100;840;846;144
CMHJGECF_01086;1952;1122;10155;7948;1741
CMHJGECF_01087;246;138;1939;2039;216
CMHJGECF_01088;195;118;1098;955;161
CMHJGECF_01089;613;313;2923;2733;512
CMHJGECF_01090;166;124;1060;1232;128
CMHJGECF_01091;611;465;5667;5031;595
CMHJGECF_01092;553;307;3462;3861;444
CMHJGECF_01093;1567;1228;9866;7325;1551
CMHJGECF_01094;1170;1083;10449;12493;1310
CMHJGECF_01095;161;99;1198;1137;156
CMHJGECF_01096;2;0;51;66;3
CMHJGECF_01097;127;93;1057;838;96
CMHJGECF_01098;384;206;3257;2386;336
CMHJGECF_01099;318;198;1844;1703;252
CMHJGECF_01100;300;194;2064;1558;278
CMHJGECF_01101;575;391;4385;3976;512
CMHJGECF_01102;170;108;1298;1010;136
CMHJGECF_01103;22;20;230;267;24
CMHJGECF_01104;0;1;25;21;3
CMHJGECF_01105;106;75;823;720;129
CMHJGECF_01106;26;17;324;368;37
CMHJGECF_01107;128;91;1373;1129;107
CMHJGECF_01108;1592;845;8623;6629;1255
CMHJGECF_01109;558;222;4086;3383;445
CMHJGECF_01110;384;209;3530;3475;284
CMHJGECF_01111;83;75;1567;1733;110
CMHJGECF_01112;82;67;834;784;111
CMHJGECF_01113;359;219;2303;2231;286
CMHJGECF_01114;538;228;2802;2209;316
CMHJGECF_01115;319;196;1779;1238;273
CMHJGECF_01116;211;173;1906;1682;173
CMHJGECF_01117;48;34;440;402;31
CMHJGECF_01118;58;53;455;382;59
CMHJGECF_01119;64;106;1911;3210;114
CMHJGECF_01120;283;220;2335;1920;272
CMHJGECF_01122;812;550;3097;2916;672
CMHJGECF_01123;1052;708;4551;4523;818
CMHJGECF_01124;79;50;516;448;58
CMHJGECF_01125;3145;1820;26023;21367;2558
CMHJGECF_01126;393;275;2742;2197;342
CMHJGECF_01127;428;255;2515;2125;260
CMHJGECF_01128;47;27;994;871;38
CMHJGECF_01129;103;66;708;758;89
CMHJGECF_01130;258;178;1593;1575;238
CMHJGECF_01131;207;105;765;518;131
CMHJGECF_01132;157;92;935;735;65
CMHJGECF_01133;377;200;3560;3522;336
CMHJGECF_01134;289;163;2084;1365;222
CMHJGECF_01135;24;16;191;81;25
CMHJGECF_01136;156;117;1410;1194;155
CMHJGECF_01137;110;53;1007;951;96
CMHJGECF_01138;78;46;642;559;69
CMHJGECF_01139;72;41;690;665;71
CMHJGECF_01140;98;78;609;725;105
CMHJGECF_01141;253;215;1561;1622;212
CMHJGECF_01142;182;88;1103;1051;136
CMHJGECF_01143;897;474;5229;3363;727
CMHJGECF_01144;391;235;2784;2071;385
CMHJGECF_01145;442;320;2663;2120;382
CMHJGECF_01146;7280;7445;80012;68605;6762
CMHJGECF_01147;179;162;1153;942;178
CMHJGECF_01148;304;164;1547;1134;217
CMHJGECF_01149;1233;742;6147;5762;1067
CMHJGECF_01150;232;157;1586;1917;206
CMHJGECF_01151;138;117;1158;933;148
CMHJGECF_01152;82;40;501;556;63
CMHJGECF_01153;97;66;829;848;95
CMHJGECF_01154;6;5;173;141;14
CMHJGECF_01155;253;166;1227;1463;197
CMHJGECF_01156;155;96;1053;1263;138
CMHJGECF_01157;230;184;2493;2366;284
CMHJGECF_01158;187;184;2124;2641;248
CMHJGECF_01159;13;4;101;108;11
CMHJGECF_01160;12;10;51;70;12
CMHJGECF_01166;349;224;1639;1524;271
CMHJGECF_01167;1487;731;7727;5633;1202
CMHJGECF_01168;1389;679;8035;7495;1121
CMHJGECF_01169;185;102;1379;1418;158
CMHJGECF_01170;173;150;1007;1303;176
CMHJGECF_01171;58;46;424;475;55
CMHJGECF_01172;15;5;150;188;16
CMHJGECF_01173;72;58;654;758;67
CMHJGECF_01174;6517;8714;78941;122216;7870
CMHJGECF_01175;526;453;3182;3034;576
CMHJGECF_01176;938;665;4869;4604;807
CMHJGECF_01177;123;73;731;549;96
CMHJGECF_01178;193;129;915;999;155
CMHJGECF_01179;313;186;1156;1031;242
CMHJGECF_01180;216;127;1219;1405;167
CMHJGECF_01181;17;10;188;241;19
CMHJGECF_01182;118;100;908;822;97
CMHJGECF_01183;18;24;364;579;30
CMHJGECF_01184;166;116;2203;2825;161
CMHJGECF_01185;12360;7971;80229;69928;11942
CMHJGECF_01186;181;126;1302;1636;164
CMHJGECF_01187;243;186;1928;1845;244
CMHJGECF_01188;181;114;1121;1083;164
CMHJGECF_01189;112;80;1115;909;129
CMHJGECF_01190;189;147;1407;1346;185
CMHJGECF_01191;69;37;490;356;40
CMHJGECF_01192;960;635;6224;4488;926
CMHJGECF_01193;45;32;205;321;44
CMHJGECF_01194;497;295;2604;2126;446
CMHJGECF_01195;1088;840;9418;8536;1112
CMHJGECF_01196;584;400;3748;2972;483
CMHJGECF_01197;40;28;262;187;20
CMHJGECF_01198;108;72;707;661;58
CMHJGECF_01199;166;152;1244;1279;174
CMHJGECF_01200;724;585;4700;3254;764
CMHJGECF_01201;2;2;34;52;2
CMHJGECF_01202;103;100;106;86;115
CMHJGECF_01203;360;263;2401;1965;355
CMHJGECF_01204;267;155;1150;1206;226
CMHJGECF_01205;88;52;726;563;56
CMHJGECF_01206;104;83;1260;1161;101
CMHJGECF_01207;30;17;119;81;17
CMHJGECF_01208;25;14;123;125;22
CMHJGECF_01209;5;9;58;33;4
CMHJGECF_01210;3;1;24;11;2
CMHJGECF_01211;5;4;28;49;3
CMHJGECF_01212;4;6;39;41;5
CMHJGECF_01213;1;0;12;13;1
CMHJGECF_01214;17;9;120;74;12
CMHJGECF_01215;2;1;5;5;1
CMHJGECF_01216;0;0;4;7;0
CMHJGECF_01217;304;195;3635;3151;237
CMHJGECF_01218;82;45;822;794;50
CMHJGECF_01219;164;93;1007;969;117
CMHJGECF_01220;69;51;506;439;45
CMHJGECF_01221;9;7;123;140;15
CMHJGECF_01222;34;19;284;336;42
CMHJGECF_01223;25;18;329;454;30
CMHJGECF_01224;224;180;1535;1399;221
CMHJGECF_01225;180;147;1450;1670;182
CMHJGECF_01226;428;281;2007;2355;408
CMHJGECF_01227;163;179;1369;1446;206
CMHJGECF_01228;6314;3252;26155;19113;4808
CMHJGECF_01234;101;55;646;715;92
CMHJGECF_01235;226;149;697;623;151
CMHJGECF_01236;510;270;2689;2227;407
CMHJGECF_01237;632;363;3410;3499;568
CMHJGECF_01238;468;301;2736;2145;286
CMHJGECF_01239;138;64;630;452;117
CMHJGECF_01240;228;125;1204;858;155
CMHJGECF_01241;307;245;1976;1838;295
CMHJGECF_01242;135;121;848;966;139
CMHJGECF_01243;2;3;34;52;2
CMHJGECF_01244;1056;739;8871;9416;1037
CMHJGECF_01245;144;110;1576;1226;150
CMHJGECF_01247;88;65;721;934;86
CMHJGECF_01248;36;35;407;222;28
CMHJGECF_01249;17;11;97;109;9
CMHJGECF_01250;4;4;30;22;3
CMHJGECF_01251;10;7;96;57;4
CMHJGECF_01252;10;8;112;101;5
CMHJGECF_01253;4;4;17;4;1
CMHJGECF_01254;112;82;709;777;86
CMHJGECF_01255;35;28;162;186;28
CMHJGECF_01256;25;12;132;128;8
CMHJGECF_01257;14;2;72;39;10
CMHJGECF_01258;0;2;19;13;3
CMHJGECF_01259;2;1;40;35;2
CMHJGECF_01260;8;4;92;67;10
CMHJGECF_01261;3;1;31;25;2
CMHJGECF_01262;1;1;3;5;1
CMHJGECF_01263;114;85;701;713;110
CMHJGECF_01264;97;52;425;404;75
CMHJGECF_01265;139;119;1013;1064;172
CMHJGECF_01266;19;18;208;296;9
CMHJGECF_01267;62;34;467;401;69
CMHJGECF_01268;66;71;567;490;73
CMHJGECF_01269;69;52;387;308;57
CMHJGECF_01270;25;15;148;140;15
CMHJGECF_01271;24;23;157;145;20
CMHJGECF_01272;175;107;985;951;123
CMHJGECF_01273;367;285;2357;2424;348
CMHJGECF_01274;125;81;1021;1022;130
CMHJGECF_01275;68;47;570;478;65
CMHJGECF_01276;513;290;3733;3429;487
CMHJGECF_01277;170;95;1366;1115;175
CMHJGECF_01278;218;148;1961;1767;207
CMHJGECF_01279;251;180;1753;1530;165
CMHJGECF_01280;32;30;260;315;35
CMHJGECF_01281;107;95;1038;1038;114
CMHJGECF_01282;3;9;98;135;2
CMHJGECF_01283;304;117;41393;28944;261
CMHJGECF_01284;20;16;611;617;26
CMHJGECF_01285;172;104;1182;965;152
CMHJGECF_01286;177;94;749;736;87
CMHJGECF_01287;436;262;2944;2625;329
CMHJGECF_01288;179;78;994;707;106
CMHJGECF_01289;374;182;2769;2198;317
CMHJGECF_01290;240;112;1696;1399;158
CMHJGECF_01291;718;249;4574;3355;438
CMHJGECF_01292;336;273;3638;3080;292
CMHJGECF_01293;111;55;1339;1187;70
CMHJGECF_01294;18;25;417;344;25
CMHJGECF_01295;60;35;995;828;41
CMHJGECF_01296;53;30;671;520;43
CMHJGECF_01297;17;22;280;253;23
CMHJGECF_01298;10;22;406;608;11
CMHJGECF_01299;8;9;118;210;10
CMHJGECF_01300;5;8;138;165;9
CMHJGECF_01301;143;123;1473;1503;161
CMHJGECF_01302;5;8;61;63;9
CMHJGECF_01303;27;16;247;266;24
CMHJGECF_01304;107;70;767;630;68
CMHJGECF_01305;31;16;212;234;21
CMHJGECF_01306;42;17;278;269;24
CMHJGECF_01307;174;110;1112;925;118
CMHJGECF_01308;14;21;158;165;11
CMHJGECF_01309;138;106;927;836;109
CMHJGECF_01310;219;136;1746;1337;132
CMHJGECF_01311;79;44;787;663;65
CMHJGECF_01312;11;12;189;233;16
CMHJGECF_01313;45;26;455;473;49
CMHJGECF_01314;394;222;2981;2457;240
CMHJGECF_01315;557;343;5321;4537;403
CMHJGECF_01316;300;188;2273;1791;247
CMHJGECF_01317;18;7;191;217;16
CMHJGECF_01318;155;105;1114;1281;144
CMHJGECF_01319;96;50;657;582;64
CMHJGECF_01320;294;202;1893;1523;247
CMHJGECF_01322;1234;979;7536;8383;1097
CMHJGECF_01323;272;273;2420;2907;304
CMHJGECF_01324;301;229;2628;2618;279
CMHJGECF_01325;335;235;2186;1729;300
CMHJGECF_01326;252;191;2293;2288;225
CMHJGECF_01327;273;184;1930;1795;192
CMHJGECF_01328;387;342;3093;3030;383
CMHJGECF_01329;521;445;4527;4378;541
CMHJGECF_01330;2;4;72;119;5
CMHJGECF_01331;1128;860;10211;6782;1227
CMHJGECF_01332;94;78;713;779;61
CMHJGECF_01333;348;286;2922;2403;326
CMHJGECF_01334;179;136;1352;1300;183
CMHJGECF_01335;81;60;533;777;65
CMHJGECF_01336;403;201;2916;2491;260
CMHJGECF_01337;120;74;560;473;105
CMHJGECF_01338;65;42;355;346;45
CMHJGECF_01339;107;47;588;488;74
CMHJGECF_01340;109;80;977;1002;93
CMHJGECF_01341;587;390;4179;3020;357
CMHJGECF_01342;301;149;1696;1287;248
CMHJGECF_01343;86;59;475;478;61
CMHJGECF_01344;209;172;1908;1736;154
CMHJGECF_01345;355;228;2139;2052;320
CMHJGECF_01346;108;97;1134;1163;120
CMHJGECF_01347;129;82;802;872;114
CMHJGECF_01348;4567;2656;14508;12459;2197
CMHJGECF_01349;187;114;1346;1156;151
CMHJGECF_01350;326;218;2563;2407;270
CMHJGECF_01351;653;367;3900;2925;511
CMHJGECF_01352;65;34;256;247;45
CMHJGECF_01353;53;30;348;233;45
CMHJGECF_01354;78;41;562;570;68
CMHJGECF_01355;130;79;1336;1147;76
CMHJGECF_01356;77;67;601;594;66
CMHJGECF_01357;20;23;226;210;24
CMHJGECF_01358;80;67;763;649;84
CMHJGECF_01359;261;150;1498;1340;186
CMHJGECF_01360;244;171;1732;1617;232
CMHJGECF_01361;255;167;1773;1670;248
CMHJGECF_01362;50;34;639;499;32
CMHJGECF_01363;141;93;1111;822;97
CMHJGECF_01364;109;69;779;658;87
CMHJGECF_01365;279;178;1655;1206;186
CMHJGECF_01366;87;70;502;479;81
CMHJGECF_01367;8;6;129;197;18
CMHJGECF_01368;76;47;566;615;70
CMHJGECF_01369;75;43;793;807;80
CMHJGECF_01370;83;74;690;544;91
CMHJGECF_01371;172;144;1364;1155;159
CMHJGECF_01372;19;22;184;305;19
CMHJGECF_01373;283;238;2262;2629;300
CMHJGECF_01374;89;78;481;472;83
CMHJGECF_01375;228;179;1166;1441;235
CMHJGECF_01376;268;254;1969;2454;268
CMHJGECF_01377;273;210;1362;1681;231
CMHJGECF_01378;98;57;721;857;109
CMHJGECF_01379;73;44;626;701;69
CMHJGECF_01380;202;138;1573;1348;164
CMHJGECF_01381;85;68;666;642;77
CMHJGECF_01382;149;124;1133;1595;140
CMHJGECF_01383;61;47;560;515;53
CMHJGECF_01384;86;59;707;843;79
CMHJGECF_01385;31;27;236;258;37
CMHJGECF_01386;216;174;1200;1169;203
CMHJGECF_01387;140;136;775;1326;147
CMHJGECF_01388;136;142;842;1010;138
CMHJGECF_01389;187;101;878;896;119
CMHJGECF_01390;105;81;661;553;99
CMHJGECF_01391;257;217;1533;1608;230
CMHJGECF_01392;170;144;777;796;145
CMHJGECF_01393;300;186;1070;898;284
CMHJGECF_01394;528;323;2226;2356;365
CMHJGECF_01395;856;826;5926;6844;1018
CMHJGECF_01397;2654;2279;34288;32804;2523
CMHJGECF_01398;24;17;259;468;15
CMHJGECF_01399;46;42;492;466;58
CMHJGECF_01400;37;26;281;230;30
CMHJGECF_01401;49;44;525;629;75
CMHJGECF_01402;75;61;749;810;60
CMHJGECF_01403;87;52;755;729;76
CMHJGECF_01404;57;49;1028;804;65
CMHJGECF_01405;36;49;565;494;58
CMHJGECF_01406;58;43;507;537;63
CMHJGECF_01407;25;17;199;174;35
CMHJGECF_01408;443;139;1171;866;234
CMHJGECF_01409;539;201;1734;1313;255
CMHJGECF_01410;282;138;543;692;137
CMHJGECF_01411;50;27;232;299;28
CMHJGECF_01412;12;8;139;94;7
CMHJGECF_01413;177;166;1610;1499;188
CMHJGECF_01414;24;18;344;288;38
CMHJGECF_01415;12;13;119;160;10
CMHJGECF_01416;21;24;205;208;17
CMHJGECF_01417;187;139;1587;1334;153
CMHJGECF_01418;31;29;231;210;30
CMHJGECF_01419;148;102;1017;887;113
CMHJGECF_01420;42;23;184;251;38
CMHJGECF_01421;41;44;728;600;34
CMHJGECF_01422;436;292;6197;4350;381
CMHJGECF_01423;1332;714;16604;12046;975
CMHJGECF_01424;34;25;268;279;33
CMHJGECF_01425;17;6;122;137;14
CMHJGECF_01426;91;73;530;482;78
CMHJGECF_01427;23;8;83;139;10
CMHJGECF_01428;2;0;2;9;0
CMHJGECF_01429;4;1;27;27;4
CMHJGECF_01430;12;13;111;146;26
CMHJGECF_01431;42;18;229;228;30
CMHJGECF_01432;2;4;91;115;5
CMHJGECF_01433;370;190;2834;1799;241
CMHJGECF_01434;12;12;129;79;9
CMHJGECF_01435;5;3;76;90;1
CMHJGECF_01436;46;29;299;233;41
CMHJGECF_01437;13;5;120;98;3
CMHJGECF_01438;11;8;75;49;7
CMHJGECF_01439;24;11;182;165;10
CMHJGECF_01440;13;11;135;64;9
CMHJGECF_01441;36;18;167;111;17
CMHJGECF_01442;90;56;549;403;62
CMHJGECF_01443;5;3;19;34;1
CMHJGECF_01444;6;5;55;33;2
CMHJGECF_01445;8;5;79;37;3
CMHJGECF_01446;18;13;168;121;15
CMHJGECF_01447;143;92;955;574;109
CMHJGECF_01448;128;51;983;727;100
CMHJGECF_01449;13;19;281;268;21
CMHJGECF_01450;0;0;20;27;2
CMHJGECF_01451;34;19;180;129;35
CMHJGECF_01452;94;75;672;860;83
CMHJGECF_01453;91;85;860;664;67
CMHJGECF_01454;222;183;1945;1464;188
CMHJGECF_01455;110;60;663;356;72
CMHJGECF_01456;59;37;580;556;54
CMHJGECF_01457;17;20;209;232;30
CMHJGECF_01458;24;17;159;163;20
CMHJGECF_01459;88;64;533;463;108
CMHJGECF_01460;53;44;426;467;30
CMHJGECF_01461;72;50;457;372;44
CMHJGECF_01462;308;233;4118;3911;220
CMHJGECF_01463;121;79;587;416;68
CMHJGECF_01464;22;21;180;210;24
CMHJGECF_01465;283;207;2439;2332;316
CMHJGECF_01466;27;24;327;224;20
CMHJGECF_01467;719;176;5610;3831;321
CMHJGECF_01468;621;226;5567;4223;267
CMHJGECF_01469;188;96;1667;1206;90
CMHJGECF_01470;117;55;1067;848;57
CMHJGECF_01471;113;58;1214;794;45
CMHJGECF_01472;331;147;2413;1597;177
CMHJGECF_01473;273;164;2462;1970;135
CMHJGECF_01474;20;13;189;239;20
CMHJGECF_01475;9;9;78;132;0
CMHJGECF_01476;47;29;305;206;19
CMHJGECF_01477;26;43;336;634;44
CMHJGECF_01478;26;16;277;312;27
CMHJGECF_01479;11;5;106;102;6
CMHJGECF_01480;3;4;58;82;3
CMHJGECF_01481;3;6;31;60;11
CMHJGECF_01482;25;15;218;184;30
CMHJGECF_01483;6;8;113;197;8
CMHJGECF_01484;1;1;5;17;0
CMHJGECF_01485;9;4;50;124;3
CMHJGECF_01486;8;4;113;133;8
CMHJGECF_01487;20;12;173;190;11
CMHJGECF_01488;2;2;19;21;0
CMHJGECF_01489;8;8;81;78;7
CMHJGECF_01490;0;1;17;17;0
CMHJGECF_01491;4;0;37;38;6
CMHJGECF_01492;4;8;105;108;11
CMHJGECF_01493;2;1;14;9;0
CMHJGECF_01494;4;9;110;72;2
CMHJGECF_01495;8;3;121;96;4
CMHJGECF_01496;13;7;195;149;9
CMHJGECF_01497;23;7;218;120;14
CMHJGECF_01498;46;30;426;308;16
CMHJGECF_01499;3;4;33;20;3
CMHJGECF_01500;12;8;120;100;13
CMHJGECF_01501;0;1;11;1;0
CMHJGECF_01502;9;6;48;55;8
CMHJGECF_01503;3;9;47;64;3
CMHJGECF_01504;0;3;11;9;0
CMHJGECF_01505;3;4;5;15;1
CMHJGECF_01506;0;0;2;0;0
CMHJGECF_01507;2;3;50;34;3
CMHJGECF_01508;3;1;6;16;0
CMHJGECF_01509;0;0;3;0;0
CMHJGECF_01510;1;0;4;2;2
CMHJGECF_01511;4;1;6;9;0
CMHJGECF_01512;1;1;2;9;0
CMHJGECF_01513;0;0;1;2;0
CMHJGECF_01514;3;3;34;24;2
CMHJGECF_01515;4;2;21;10;3
CMHJGECF_01516;1;0;16;10;0
CMHJGECF_01517;0;0;12;7;0
CMHJGECF_01518;4;1;82;66;2
CMHJGECF_01519;0;0;3;2;0
CMHJGECF_01520;5;3;62;35;2
CMHJGECF_01521;0;0;16;5;1
CMHJGECF_01522;1;0;6;3;1
CMHJGECF_01523;0;1;15;15;1
CMHJGECF_01524;5;2;64;33;2
CMHJGECF_01525;6;2;46;36;4
CMHJGECF_01526;8;4;67;48;6
CMHJGECF_01527;0;1;15;7;2
CMHJGECF_01528;9;6;47;39;2
CMHJGECF_01529;15;5;42;39;4
CMHJGECF_01530;2;1;16;18;0
CMHJGECF_01531;49;20;235;278;34
CMHJGECF_01532;62;14;683;512;25
CMHJGECF_01533;4;2;50;51;0
CMHJGECF_01534;42;15;442;216;20
CMHJGECF_01535;9;5;109;66;4
CMHJGECF_01536;4;14;162;181;12
CMHJGECF_01537;47;43;353;351;46
CMHJGECF_01538;42;43;556;559;48
CMHJGECF_01539;53;40;533;472;59
CMHJGECF_01540;566;485;4645;6169;548
CMHJGECF_01541;41;43;185;253;35
CMHJGECF_01542;19;11;125;134;17
CMHJGECF_01543;28;17;268;404;23
CMHJGECF_01544;291;207;1938;2347;281
CMHJGECF_01545;8;6;105;91;8
CMHJGECF_01546;7;8;68;45;8
CMHJGECF_01547;0;0;10;10;1
CMHJGECF_01548;8;1;103;77;15
CMHJGECF_01549;1;1;0;3;3
CMHJGECF_01550;176;133;1013;1187;176
CMHJGECF_01551;172;114;695;794;131
CMHJGECF_01552;317;133;1606;1689;254
CMHJGECF_01553;78;55;397;512;62
CMHJGECF_01554;32;17;205;171;22
CMHJGECF_01555;140;85;725;700;119
CMHJGECF_01556;42;37;373;424;28
CMHJGECF_01557;6;13;38;48;18
CMHJGECF_01558;44;41;307;300;62
CMHJGECF_01559;55;33;417;466;63
CMHJGECF_01560;72;42;295;338;55
CMHJGECF_01561;11;6;46;28;7
CMHJGECF_01562;9;4;70;37;6
CMHJGECF_01563;78;46;434;460;55
CMHJGECF_01564;14;5;42;58;8
CMHJGECF_01565;3;4;17;19;2
CMHJGECF_01566;141;97;987;1127;119
CMHJGECF_01567;63;47;480;420;71
CMHJGECF_01568;42;17;199;236;22
CMHJGECF_01569;12;11;115;136;23
CMHJGECF_01570;29;11;165;167;24
CMHJGECF_01571;25;13;142;119;23
CMHJGECF_01572;50;25;255;202;47
CMHJGECF_01573;8;7;32;57;7
CMHJGECF_01574;10;5;54;65;8
CMHJGECF_01575;4;3;19;31;7
CMHJGECF_01576;13;6;56;105;8
CMHJGECF_01577;1;0;2;0;0
CMHJGECF_01578;2;1;16;31;3
CMHJGECF_01579;22;12;74;174;15
CMHJGECF_01580;373;280;3528;2835;249
CMHJGECF_01581;261;232;2219;2534;284
CMHJGECF_01582;9;4;49;28;10
CMHJGECF_01583;89;65;511;676;72
CMHJGECF_01584;1;1;10;12;1
CMHJGECF_01585;13;16;98;161;16
CMHJGECF_01586;31;29;224;221;33
CMHJGECF_01587;13;14;124;114;21
CMHJGECF_01588;20;22;140;179;39
CMHJGECF_01589;36;26;272;184;41
CMHJGECF_01590;55;31;399;465;47
CMHJGECF_01591;56;38;348;334;53
CMHJGECF_01592;3;1;36;18;7
CMHJGECF_01593;15;6;62;43;3
CMHJGECF_01594;14;1;53;32;6
CMHJGECF_01595;7;6;65;26;6
CMHJGECF_01596;11;3;40;58;6
CMHJGECF_01597;60;35;274;311;34
CMHJGECF_01598;245;168;1765;2122;208
CMHJGECF_01599;26;14;198;203;18
CMHJGECF_01600;43;31;343;309;31
CMHJGECF_01601;9;13;121;142;21
CMHJGECF_01602;40;29;311;398;29
CMHJGECF_01603;50;27;267;276;23
CMHJGECF_01604;7;8;110;159;4
CMHJGECF_01605;8;6;36;72;8
CMHJGECF_01606;1;0;2;1;1
CMHJGECF_01607;17;13;135;124;14
CMHJGECF_01608;21;29;625;848;41
CMHJGECF_01609;311;215;5452;5332;281
CMHJGECF_01610;76;55;500;420;72
CMHJGECF_01611;81;68;797;841;68
CMHJGECF_01612;197;167;1462;1920;182
CMHJGECF_01613;12;14;146;140;6
CMHJGECF_01614;6;2;75;101;8
CMHJGECF_01615;179;90;743;685;116
CMHJGECF_01616;21;9;124;124;20
CMHJGECF_01617;27;42;281;294;51
CMHJGECF_01618;56;40;319;346;55
CMHJGECF_01619;1;0;1;6;0
CMHJGECF_01620;2;0;5;17;0
CMHJGECF_01621;2;3;19;22;2
CMHJGECF_01622;9;6;57;56;7
CMHJGECF_01623;87;42;395;307;56
CMHJGECF_01624;13;6;60;66;13
CMHJGECF_01625;17;12;127;123;10
CMHJGECF_01626;1;10;47;57;1
CMHJGECF_01627;20;23;134;153;22
CMHJGECF_01628;14;8;49;71;5
CMHJGECF_01629;372;316;2830;2835;382
CMHJGECF_01630;11;15;190;152;17
CMHJGECF_01631;9;7;99;110;8
CMHJGECF_01632;2;1;15;29;5
CMHJGECF_01633;4;3;50;59;10
CMHJGECF_01634;29;34;251;219;31
CMHJGECF_01635;109;93;1963;2823;124
CMHJGECF_01636;681;478;4243;3649;512
CMHJGECF_01637;148;106;1849;1788;177
CMHJGECF_01638;90;60;1058;1394;84
CMHJGECF_01639;460;299;4305;4423;398
CMHJGECF_01640;74;46;309;274;59
CMHJGECF_01641;12;10;132;129;16
CMHJGECF_01642;5;1;22;35;2
CMHJGECF_01643;82;73;669;599;115
CMHJGECF_01644;204;138;2323;3264;207
CMHJGECF_01645;1040;565;7600;6931;922
CMHJGECF_01646;66;48;423;557;63
CMHJGECF_01647;15;9;125;134;8
CMHJGECF_01648;17;10;150;123;19
CMHJGECF_01649;0;0;4;16;4
CMHJGECF_01650;7;4;61;45;7
CMHJGECF_01651;65;55;538;476;59
CMHJGECF_01652;53;34;425;419;51
CMHJGECF_01653;63;64;465;505;71
CMHJGECF_01654;85;78;884;980;117
CMHJGECF_01655;107;61;604;516;87
CMHJGECF_01656;181;187;1192;1599;203
CMHJGECF_01657;78;37;402;415;52
CMHJGECF_01658;92;60;336;365;73
CMHJGECF_01659;12;11;134;175;10
CMHJGECF_01660;72;49;588;775;74
CMHJGECF_01661;1367;1255;8723;13879;1275
CMHJGECF_01662;2;0;16;19;1
CMHJGECF_01663;286;201;1042;832;272
CMHJGECF_01664;50;52;392;301;65
CMHJGECF_01665;108;88;848;976;89
CMHJGECF_01666;21;21;165;155;29
CMHJGECF_01667;11;5;89;96;8
CMHJGECF_01668;135;108;1198;1253;170
CMHJGECF_01669;139;87;905;1097;101
CMHJGECF_01670;1443;1098;15059;13170;1344
CMHJGECF_01671;8;6;75;70;7
CMHJGECF_01672;45;48;526;635;45
CMHJGECF_01673;65;63;777;991;65
CMHJGECF_01674;41;40;606;634;54
CMHJGECF_01675;151;148;1381;1687;142
CMHJGECF_01676;99;77;367;555;68
CMHJGECF_01677;85;86;786;828;70
CMHJGECF_01678;619;421;5290;6396;533
CMHJGECF_01679;286;182;1921;1961;266
CMHJGECF_01680;91;69;441;527;75
CMHJGECF_01681;2;2;18;19;3
CMHJGECF_01682;24;10;182;129;15
CMHJGECF_01683;2;2;24;23;3
CMHJGECF_01684;15;12;119;105;15
CMHJGECF_01685;8;4;56;78;9
CMHJGECF_01686;15;8;70;61;6
CMHJGECF_01687;97;69;892;973;89
CMHJGECF_01688;36;25;369;401;43
CMHJGECF_01689;89;52;620;636;71
CMHJGECF_01690;14;13;101;112;10
CMHJGECF_01691;54;39;462;383;38
CMHJGECF_01692;35;32;325;363;29
CMHJGECF_01693;76;47;608;424;53
CMHJGECF_01694;4;1;54;120;7
CMHJGECF_01695;52;24;257;272;38
CMHJGECF_01696;274;208;1527;1650;213
CMHJGECF_01697;3;2;35;35;4
CMHJGECF_01698;1001;727;6554;6818;1010
CMHJGECF_01699;6093;3043;26280;20478;4193
CMHJGECF_01700;291;154;990;808;189
CMHJGECF_01701;256;201;1568;1359;231
CMHJGECF_01702;269;192;1686;1778;225
CMHJGECF_01703;510;304;3644;3093;460
CMHJGECF_01704;63;23;21;21;51
CMHJGECF_01705;165;130;43;47;157
CMHJGECF_01706;48;24;14;9;34
CMHJGECF_01707;4;5;8;6;3
CMHJGECF_01708;42;33;22;25;61
CMHJGECF_01709;79;60;267;350;82
CMHJGECF_01710;172;108;1241;1182;116
CMHJGECF_01711;73;89;703;773;64
CMHJGECF_01712;178;116;1193;1059;139
CMHJGECF_01713;65;36;351;464;64
CMHJGECF_01714;154;110;1393;1528;150
CMHJGECF_01715;457;316;2869;2764;348
CMHJGECF_01716;906;480;6600;5736;807
CMHJGECF_01717;123;76;1229;1420;123
CMHJGECF_01718;185;178;2177;2225;202
CMHJGECF_01719;185;79;1855;1761;98
CMHJGECF_01720;180;103;1985;1876;122
CMHJGECF_01721;418;181;5817;4865;188
CMHJGECF_01722;411;235;5216;4485;262
CMHJGECF_01723;281;117;2584;2436;164
CMHJGECF_01724;141;56;2069;1947;80
CMHJGECF_01725;302;144;4829;4812;156
CMHJGECF_01726;80;65;766;1081;83
CMHJGECF_01727;550;410;4624;3904;482
CMHJGECF_01728;1298;825;11012;10274;1095
CMHJGECF_01729;1297;835;11806;10393;1232
CMHJGECF_01730;239;188;2786;3728;229
CMHJGECF_01731;381;220;2029;1620;351
CMHJGECF_01732;42;12;171;136;19
CMHJGECF_01733;196;146;1148;1129;187
CMHJGECF_01734;394;270;2847;2798;357
CMHJGECF_01735;31;30;421;359;36
CMHJGECF_01736;97;105;1235;1079;119
CMHJGECF_01737;8356;6748;67795;78535;8245
CMHJGECF_01738;1752;854;4466;6006;941
CMHJGECF_01739;233;183;1743;1615;202
CMHJGECF_01740;2395;1035;15776;13125;2122
CMHJGECF_01741;119;53;729;1181;108
CMHJGECF_01742;256;209;2590;3790;269
CMHJGECF_01743;668;644;12051;12582;784
CMHJGECF_01744;15;15;4274;3638;11
CMHJGECF_01745;18;6;2733;1912;23
CMHJGECF_01746;90;45;5782;4572;65
CMHJGECF_01747;30;17;1813;1498;37
CMHJGECF_01748;40;31;3036;3104;19
CMHJGECF_01749;17;11;1460;1306;11
CMHJGECF_01750;115;75;972;859;86
CMHJGECF_01751;19;7;93;73;5
CMHJGECF_01752;21;10;179;165;23
CMHJGECF_01753;10;5;82;69;20
CMHJGECF_01754;20;12;301;224;9
CMHJGECF_01755;790;394;4831;4627;623
CMHJGECF_01757;643;505;5244;6051;592
CMHJGECF_01758;402;261;3359;3749;348
CMHJGECF_01759;251;201;1444;1616;283
CMHJGECF_01760;474;327;2843;2758;402
CMHJGECF_01761;428;242;3414;2582;373
CMHJGECF_01762;160;126;1433;1614;176
CMHJGECF_01763;401;343;4403;5042;398
CMHJGECF_01764;555;315;2947;3011;398
CMHJGECF_01765;555;352;4433;4404;510
CMHJGECF_01766;87;95;660;678;125
CMHJGECF_01767;746;548;3726;2913;699
CMHJGECF_01770;74;50;239;296;45
CMHJGECF_01771;178;107;1048;937;149
CMHJGECF_01772;28;16;180;120;23
CMHJGECF_01773;39;25;321;264;35
CMHJGECF_01774;71;85;532;641;82
CMHJGECF_01775;458;291;2458;2593;406
CMHJGECF_01776;535;468;4289;4745;609
CMHJGECF_01777;82;80;874;955;71
CMHJGECF_01778;515;387;2892;2904;453
CMHJGECF_01779;186;167;1708;1975;195
CMHJGECF_01780;395;271;2261;2339;347
CMHJGECF_01781;361;189;1685;2001;297
CMHJGECF_01782;843;653;4348;5157;787
CMHJGECF_01783;296;192;1512;1412;261
CMHJGECF_01784;168;135;1224;1808;150
CMHJGECF_01785;439;313;2833;3282;428
CMHJGECF_01786;1331;961;7075;6497;1201
CMHJGECF_01787;659;475;3370;3767;645
CMHJGECF_01788;428;299;2826;2788;401
CMHJGECF_01789;213;183;968;1258;211
CMHJGECF_01790;243;194;2928;2846;295
CMHJGECF_01791;6;14;224;351;8
CMHJGECF_01792;77;58;632;512;65
CMHJGECF_01793;139;116;944;1104;128
CMHJGECF_01794;22;21;201;190;27
CMHJGECF_01795;100;67;1024;1279;122
CMHJGECF_01796;856;587;5932;6348;838
CMHJGECF_01797;276;197;2023;1949;223
CMHJGECF_01798;377;267;2922;3525;334
CMHJGECF_01799;65;70;706;773;76
CMHJGECF_01800;1189;975;8982;10844;1178
CMHJGECF_01801;694;507;5589;4199;763
CMHJGECF_01802;89;84;844;889;117
CMHJGECF_01803;195;180;1413;1355;200
CMHJGECF_01804;403;333;3000;2973;394
CMHJGECF_01805;789;525;5182;4787;744
CMHJGECF_01806;1888;1389;10878;11594;1823
CMHJGECF_01807;71;53;716;881;78
CMHJGECF_01808;421;217;2451;2599;380
CMHJGECF_01809;314;205;1926;1945;283
CMHJGECF_01810;254;165;1249;1442;234
CMHJGECF_01811;723;463;3755;3697;688
CMHJGECF_01812;1614;1289;12684;14482;1497
CMHJGECF_01813;23362;11369;177270;159715;19622
CMHJGECF_01814;1721;887;17826;21837;1395
CMHJGECF_01815;2205;1775;12631;12831;2063
CMHJGECF_01816;54;47;404;518;58
CMHJGECF_01817;64;44;478;338;50
CMHJGECF_01818;306;204;1614;1837;288
CMHJGECF_01819;310;161;1599;1768;267
CMHJGECF_01820;594;472;4823;5098;588
CMHJGECF_01821;299;202;2196;2463;259
CMHJGECF_01822;143;101;901;1090;133
CMHJGECF_01823;773;610;5110;6563;760
CMHJGECF_01824;727;583;4273;4774;669
CMHJGECF_01825;2480;2313;13641;14285;2580
CMHJGECF_01826;326;155;1413;1384;232
CMHJGECF_01827;165;79;824;703;125
CMHJGECF_01828;187;142;1498;1915;204
CMHJGECF_01829;121;113;819;949;163
CMHJGECF_01830;312;213;1941;1668;310
CMHJGECF_01831;416;280;2062;2111;348
CMHJGECF_01832;338;271;3527;3770;358
CMHJGECF_01833;103;76;1730;1875;78
CMHJGECF_01834;977;589;7947;7638;907
CMHJGECF_01835;345;283;2418;2537;389
CMHJGECF_01836;48;55;355;534;55
CMHJGECF_01837;310;221;2414;2531;283
CMHJGECF_01838;229;192;1918;1264;257
CMHJGECF_01839;18;12;166;113;20
CMHJGECF_01840;159;88;812;976;114
CMHJGECF_01841;382;213;2285;2364;342
CMHJGECF_01842;249;123;1768;2058;202
CMHJGECF_01843;342;227;1301;1183;249
CMHJGECF_01844;529;394;3145;3245;552
CMHJGECF_01845;565;496;4869;5688;554
CMHJGECF_01846;274;217;2252;2474;264
CMHJGECF_01847;8;5;84;121;4
CMHJGECF_01848;142;75;743;696;111
CMHJGECF_01849;319;231;3000;3280;300
CMHJGECF_01850;60;58;623;856;59
CMHJGECF_01851;161;117;2015;1973;146
CMHJGECF_01852;665;436;5234;5017;578
CMHJGECF_01853;117;139;1992;3311;120
CMHJGECF_01854;2439;1762;14183;15144;2212
CMHJGECF_01855;549;534;4025;5194;624
CMHJGECF_01856;191;182;1750;2111;184
CMHJGECF_01857;65;38;415;372;61
CMHJGECF_01858;22;26;308;562;28
CMHJGECF_01859;1794;1140;9523;11932;1435
CMHJGECF_01860;1654;1160;9897;10987;1511
CMHJGECF_01861;462;436;2880;3225;468
CMHJGECF_01862;388;222;2379;2448;317
CMHJGECF_01863;592;401;3008;3551;513
CMHJGECF_01865;849;526;4918;4318;714
CMHJGECF_01866;512;322;2006;2633;420
CMHJGECF_01867;215;119;911;1073;164
CMHJGECF_01868;166;131;1322;1368;160
CMHJGECF_01869;725;486;6843;5752;695
CMHJGECF_01870;281;207;2597;2526;315
CMHJGECF_01871;337;202;2215;2320;290
CMHJGECF_01872;128;52;478;458;109
CMHJGECF_01873;186;129;1124;1341;165
CMHJGECF_01874;212;151;1749;1542;188
CMHJGECF_01875;92;87;774;991;80
CMHJGECF_01876;487;280;4528;3735;446
CMHJGECF_01877;245;205;2913;2932;225
CMHJGECF_01878;37;20;350;381;32
CMHJGECF_01879;4226;2060;27107;21629;3269
CMHJGECF_01880;250;149;1595;1275;185
CMHJGECF_01881;682;444;3335;3764;544
CMHJGECF_01882;189;123;881;1014;189
CMHJGECF_01883;332;240;1565;1840;299
CMHJGECF_01884;1278;805;6145;5444;1047
CMHJGECF_01885;186;141;1254;1099;174
CMHJGECF_01886;251;130;1345;1128;197
CMHJGECF_01887;145;124;1005;859;168
CMHJGECF_01888;53;42;522;620;56
CMHJGECF_01889;117;71;883;923;96
CMHJGECF_01890;171;95;1380;1122;166
CMHJGECF_01891;197;138;2030;1911;192
CMHJGECF_01892;93;74;2009;2641;89
CMHJGECF_01893;29;41;2106;2569;73
CMHJGECF_01894;546;329;4042;2980;476
CMHJGECF_01895;591;344;3266;3582;506
CMHJGECF_01896;369;234;2269;2291;326
CMHJGECF_01897;408;324;3936;4517;421
CMHJGECF_01898;425;237;3280;3124;335
CMHJGECF_01899;271;208;3689;3862;287
CMHJGECF_01900;51;27;482;643;39
CMHJGECF_01901;165;150;1784;2251;208
CMHJGECF_01902;182;117;2514;2109;144
CMHJGECF_01903;361;245;3124;2761;298
CMHJGECF_01904;258;171;2125;2198;220
CMHJGECF_01905;232;200;2781;2824;226
CMHJGECF_01906;21;23;407;536;38
CMHJGECF_01907;112;105;1287;1172;128
CMHJGECF_01908;104;78;688;690;100
CMHJGECF_01909;452;463;8077;10716;565
CMHJGECF_01910;136;105;1247;894;142
CMHJGECF_01911;125;66;557;418;83
CMHJGECF_01912;189;139;2635;2244;178
CMHJGECF_01913;772;374;3716;2506;551
CMHJGECF_01914;265;143;1976;1486;209
CMHJGECF_01915;175;79;1365;1260;111
CMHJGECF_01916;397;208;3413;2903;280
CMHJGECF_01917;283;154;1338;1321;229
CMHJGECF_01918;256;122;1146;1032;180
CMHJGECF_01919;756;244;3360;2919;413
CMHJGECF_01920;12;11;160;108;10
CMHJGECF_01921;10;9;75;80;7
CMHJGECF_01922;0;0;3;6;0
CMHJGECF_01923;29;19;575;416;26
CMHJGECF_01924;165;76;2983;1978;101
CMHJGECF_01925;154;83;2447;2067;124
CMHJGECF_01926;16;9;183;199;15
CMHJGECF_01927;22;11;90;85;13
CMHJGECF_01928;13;21;201;165;10
CMHJGECF_01929;37;24;666;719;36
CMHJGECF_01930;77;32;1019;964;66
CMHJGECF_01931;44;24;639;351;34
CMHJGECF_01932;13;10;365;427;16
CMHJGECF_01933;632;337;3375;3224;449
CMHJGECF_01934;13;12;1187;938;15
CMHJGECF_01935;27;38;1374;1160;34
CMHJGECF_01936;136;153;1999;1459;140
CMHJGECF_01937;257;217;2927;2907;232
CMHJGECF_01938;75;73;679;861;60
CMHJGECF_01940;182;133;1606;1654;167
CMHJGECF_01941;762;559;6962;5492;812
CMHJGECF_01942;1273;831;10226;7483;1178
CMHJGECF_01943;361;210;2988;2467;316
CMHJGECF_01944;90;64;1419;1279;93
CMHJGECF_01945;530;380;3922;3680;528
CMHJGECF_01946;537;383;4927;4775;567
CMHJGECF_01947;114;69;1153;1011;102
CMHJGECF_01948;35;35;318;293;27
CMHJGECF_01949;47;31;460;418;39
CMHJGECF_01950;498;426;4387;3253;516
CMHJGECF_01951;649;262;3300;3100;303
CMHJGECF_01952;126;105;1275;975;129
CMHJGECF_01953;208;119;1430;949;129
CMHJGECF_01954;380;255;3733;3787;334
CMHJGECF_01955;116;84;1235;1271;98
CMHJGECF_01956;593;295;3659;2961;509
CMHJGECF_01957;237;139;1745;1608;232
CMHJGECF_01958;85;46;442;383;81
CMHJGECF_01959;246;151;1688;1564;200
CMHJGECF_01960;170;144;1280;893;136
CMHJGECF_01961;218;157;1522;1465;221
CMHJGECF_01962;12;14;60;159;15
CMHJGECF_01963;188;181;861;1011;205
CMHJGECF_01964;72;56;453;625;66
CMHJGECF_01965;141;112;786;842;144
CMHJGECF_01966;960;595;4150;5590;763
CMHJGECF_01967;767;627;3471;4896;762
CMHJGECF_01968;1270;897;4711;6345;1078
CMHJGECF_01969;66;44;192;295;63
CMHJGECF_01970;337;295;1999;2197;334
CMHJGECF_01971;568;417;3040;4224;524
CMHJGECF_01972;1061;750;5444;5756;966
CMHJGECF_01973;4844;3167;28316;37622;4299
CMHJGECF_01974;2485;1343;14735;14132;2371
CMHJGECF_01975;1535;802;8012;7232;1286
CMHJGECF_01976;1885;1166;11226;11607;1621
CMHJGECF_01977;2598;2186;15313;20194;2674
CMHJGECF_01978;1049;761;4706;5432;987
CMHJGECF_01979;554;401;3615;4242;459
CMHJGECF_01980;360;259;3813;3251;343
CMHJGECF_01981;1053;825;6474;8100;957
CMHJGECF_01982;236;188;1931;1844;264
CMHJGECF_01983;33;19;203;237;26
CMHJGECF_01984;302;228;2419;2454;277
CMHJGECF_01985;223;163;1603;1710;222
CMHJGECF_01986;1390;1005;12920;13711;1224
CMHJGECF_01987;426;347;3758;3514;487
CMHJGECF_01988;59;45;346;527;43
CMHJGECF_01989;622;449;4284;5749;547
CMHJGECF_01990;274;247;3039;2826;308
CMHJGECF_01991;1186;900;8430;8359;1108
CMHJGECF_01992;248;160;2719;2362;264
CMHJGECF_01993;100;74;688;849;59
CMHJGECF_01994;12;18;141;213;12
CMHJGECF_01995;480;329;3337;3158;401
CMHJGECF_01996;294;206;2241;1845;238
CMHJGECF_01997;289;167;2080;1652;251
CMHJGECF_01998;537;335;4125;3620;464
CMHJGECF_01999;315;200;2448;2142;223
CMHJGECF_02000;84;57;691;587;76
CMHJGECF_02001;408;194;2700;2600;281
CMHJGECF_02002;174;115;1423;1300;129
CMHJGECF_02003;379;173;2767;1875;240
CMHJGECF_02004;942;595;9406;7869;893
CMHJGECF_02005;77;110;3409;3504;104
CMHJGECF_02006;193;133;1568;1534;150
CMHJGECF_02007;193;159;1034;1050;175
CMHJGECF_02008;39;32;238;266;42
CMHJGECF_02009;59;49;434;334;44
CMHJGECF_02010;230;189;978;659;196
CMHJGECF_02011;176;157;1480;1407;169
CMHJGECF_02012;282;225;1696;1864;337
CMHJGECF_02013;211;159;1077;910;216
CMHJGECF_02014;72;54;424;475;91
CMHJGECF_02015;322;229;2348;2459;278
CMHJGECF_02016;34;62;256;314;74
CMHJGECF_02017;29;20;230;346;23
CMHJGECF_02018;1097;816;5581;4787;1150
CMHJGECF_02019;478;316;2518;2059;404
CMHJGECF_02020;308;360;2639;2944;347
CMHJGECF_02021;22;24;186;241;31
CMHJGECF_02022;1342;884;5548;6197;1410
CMHJGECF_02023;1786;1251;7818;7115;1956
CMHJGECF_02024;610;495;5029;3624;657
CMHJGECF_02025;145;127;1844;1717;170
CMHJGECF_02026;0;2;8;13;0
CMHJGECF_02027;14;6;80;47;4
CMHJGECF_02028;34;17;193;145;26
CMHJGECF_02029;22;8;85;99;13
CMHJGECF_02030;8;6;90;104;5
CMHJGECF_02031;38;9;231;172;42
CMHJGECF_02032;2;3;33;64;3
CMHJGECF_02033;7;3;112;74;5
CMHJGECF_02034;51;19;308;214;37
CMHJGECF_02035;120;74;993;914;125
CMHJGECF_02036;121;87;739;684;88
CMHJGECF_02038;9922;12894;119685;164791;14314
CMHJGECF_02039;1095;782;9420;9833;1105
CMHJGECF_02040;396;207;3090;2894;284
CMHJGECF_02041;717;576;7798;7691;759
CMHJGECF_02042;18;14;116;205;19
CMHJGECF_02043;15;9;88;115;28
CMHJGECF_02044;300;180;2055;1773;250
CMHJGECF_02045;3401;1923;22372;23776;2893
CMHJGECF_02046;3394;1671;18014;14480;2829
CMHJGECF_02047;2502;1713;15812;14972;2218
CMHJGECF_02048;126;94;862;846;99
CMHJGECF_02049;207;183;1406;1338;215
CMHJGECF_02050;61;66;517;629;76
CMHJGECF_02051;1777;1242;15235;13966;1580
CMHJGECF_02052;44;18;245;243;32
CMHJGECF_02053;288;222;2161;1241;218
CMHJGECF_02054;26;30;306;323;16
CMHJGECF_02055;116;69;764;596;85
CMHJGECF_02056;18;12;172;279;9
CMHJGECF_02057;163;105;1302;1004;123
CMHJGECF_02058;101;86;899;652;98
CMHJGECF_02059;135;141;1480;1668;168
CMHJGECF_02060;194;132;1660;1450;155
CMHJGECF_02061;607;341;4411;3705;410
CMHJGECF_02062;54;46;504;416;71
CMHJGECF_02063;272;151;1435;1216;168
CMHJGECF_02064;318;200;1927;1980;234
CMHJGECF_02065;587;344;4501;3244;446
CMHJGECF_02066;70;58;754;925;74
CMHJGECF_02067;54;41;455;493;32
CMHJGECF_02068;136;115;1372;1616;156
CMHJGECF_02069;77;63;585;485;63
CMHJGECF_02070;141;114;1232;1294;164
CMHJGECF_02071;188;138;1241;1160;178
CMHJGECF_02072;199;179;1734;1849;213
CMHJGECF_02073;61;45;454;510;69
CMHJGECF_02074;59;56;416;414;63
CMHJGECF_02075;154;125;1117;1067;163
CMHJGECF_02076;176;134;889;1016;164
CMHJGECF_02077;419;339;3862;3769;331
CMHJGECF_02078;163;96;1162;735;137
CMHJGECF_02079;2292;1403;11619;13752;1898
CMHJGECF_02080;686;484;2892;3406;626
CMHJGECF_02081;701;420;1881;1786;563
CMHJGECF_02082;1131;1034;5922;6210;1300
CMHJGECF_02083;879;669;7110;6206;852
CMHJGECF_02084;248;155;1702;2184;199
CMHJGECF_02085;497;229;2400;2123;377
CMHJGECF_02086;7844;3153;25485;19959;5631
CMHJGECF_02087;901;538;5318;7652;618
CMHJGECF_02088;3584;3257;18834;21742;3723
CMHJGECF_02089;1680;970;5800;4281;1466
CMHJGECF_02091;87;63;695;820;69
CMHJGECF_02092;385;315;4667;4342;411
CMHJGECF_02093;115;92;613;443;97
CMHJGECF_02094;2095;1704;18034;16463;2275
CMHJGECF_02095;41;39;545;533;39
CMHJGECF_02096;5;5;91;186;4
CMHJGECF_02097;14;1;210;311;6
CMHJGECF_02098;4;6;230;279;9
CMHJGECF_02099;160;126;1562;1531;146
CMHJGECF_02100;438;178;2398;2003;266
CMHJGECF_02101;69;43;429;360;45
CMHJGECF_02102;115;82;1092;932;87
CMHJGECF_02103;359;226;2605;1866;238
CMHJGECF_02104;375;174;571;479;210
CMHJGECF_02105;78;48;597;501;66
CMHJGECF_02106;83;39;593;504;57
CMHJGECF_02107;50;39;674;736;35
CMHJGECF_02108;60;22;695;520;23
CMHJGECF_02109;14;17;229;201;18
CMHJGECF_02110;28;21;374;326;20
CMHJGECF_02111;25;19;350;317;34
CMHJGECF_02112;4;11;487;558;26
CMHJGECF_02113;0;0;4;5;0
CMHJGECF_02114;8;9;84;114;11
CMHJGECF_02115;33;18;423;443;25
CMHJGECF_02116;20;11;211;253;16
CMHJGECF_02117;1;2;139;178;6
CMHJGECF_02118;2;5;157;138;3
CMHJGECF_02119;0;0;78;83;2
CMHJGECF_02120;18;13;241;270;19
CMHJGECF_02121;12;3;156;125;2
CMHJGECF_02122;67;43;625;636;54
CMHJGECF_02123;47;28;444;423;24
CMHJGECF_02124;56;40;496;470;43
CMHJGECF_02125;67;35;565;626;46
CMHJGECF_02126;58;32;550;588;50
CMHJGECF_02127;24;22;330;343;34
CMHJGECF_02128;103;53;584;475;84
CMHJGECF_02129;10;16;264;292;7
CMHJGECF_02130;6;8;125;157;0
CMHJGECF_02131;0;9;104;265;2
CMHJGECF_02132;12;3;232;340;9
CMHJGECF_02133;12;16;251;368;26
CMHJGECF_02134;12;10;156;176;15
CMHJGECF_02135;82;76;810;1213;83
CMHJGECF_02136;60;44;486;699;70
CMHJGECF_02137;52;33;416;538;36
CMHJGECF_02138;37;22;295;313;37
CMHJGECF_02139;46;27;352;417;47
CMHJGECF_02140;51;36;359;468;64
CMHJGECF_02141;18;22;209;196;24
CMHJGECF_02142;73;53;532;501;49
CMHJGECF_02143;29;22;324;359;41
CMHJGECF_02144;0;1;11;22;0
CMHJGECF_02145;41;42;1016;1286;52
CMHJGECF_02146;27;14;321;321;34
CMHJGECF_02147;78;68;780;1042;90
CMHJGECF_02148;28;46;2839;3458;70
CMHJGECF_02149;16;9;321;343;16
CMHJGECF_02150;1030;572;9263;8810;863
CMHJGECF_02151;432;332;4969;4280;428
CMHJGECF_02152;25;19;339;279;23
CMHJGECF_02153;5446;1782;28495;28705;2540
CMHJGECF_02154;355;183;3062;2361;251
CMHJGECF_02155;130;87;1129;1101;94
CMHJGECF_02156;138;104;1382;1192;137
CMHJGECF_02157;145;91;658;519;113
CMHJGECF_02158;5;2;20;44;2
CMHJGECF_02159;385;109;1590;1123;162
CMHJGECF_02160;257;109;1516;1193;133
CMHJGECF_02161;648;173;3053;2328;284
CMHJGECF_02162;27;29;535;509;24
CMHJGECF_02163;813;518;7503;6624;697
CMHJGECF_02164;31;20;271;367;21
CMHJGECF_02165;459;237;2396;1737;341
CMHJGECF_02166;767;320;3911;3261;353
CMHJGECF_02167;717;274;2740;2324;397
CMHJGECF_02168;494;204;1818;1486;277
CMHJGECF_02169;552;241;2527;2054;264
CMHJGECF_02170;370;133;2069;1436;170
CMHJGECF_02171;629;218;2158;1449;358
CMHJGECF_02172;24;7;283;125;4
CMHJGECF_02173;742;423;6679;5263;477
CMHJGECF_02174;174;117;1820;1315;136
CMHJGECF_02175;234;188;1582;1368;173
CMHJGECF_02176;70;55;622;622;65
CMHJGECF_02177;198;134;1082;1026;134
CMHJGECF_02178;364;215;1817;1447;267
CMHJGECF_02179;315;152;2818;1573;207
CMHJGECF_02180;379;175;2918;2301;298
CMHJGECF_02181;84;51;551;391;75
CMHJGECF_02183;123;55;576;685;97
CMHJGECF_02184;388;256;1663;1462;285
CMHJGECF_02185;45;39;628;647;54
CMHJGECF_02186;738;469;3082;2646;509
CMHJGECF_02187;34;19;893;754;30
CMHJGECF_02188;21;9;113;161;13
CMHJGECF_02189;106;44;756;527;80
CMHJGECF_02190;82;72;894;892;76
CMHJGECF_02191;136;95;1622;1458;110
CMHJGECF_02192;171;136;2316;2016;153
CMHJGECF_02193;521;337;4754;3770;454
CMHJGECF_02194;280;208;2871;1750;291
CMHJGECF_02197;199;136;1314;1244;165
CMHJGECF_02198;168;122;1296;976;121
CMHJGECF_02199;265;165;1784;1739;215
CMHJGECF_02200;233;139;1514;1193;172
CMHJGECF_02201;112;55;577;429;62
CMHJGECF_02202;81;46;704;560;39
CMHJGECF_02203;319;168;4334;3834;197
CMHJGECF_02204;267;126;1927;1331;152
CMHJGECF_02205;375;203;2517;1978;256
CMHJGECF_02206;127;64;1003;929;83
CMHJGECF_02207;72;51;660;503;60
CMHJGECF_02208;11;15;128;139;21
CMHJGECF_02209;19;24;211;297;21
CMHJGECF_02210;29;15;362;418;20
CMHJGECF_02211;56;44;400;391;23
CMHJGECF_02212;33;29;306;592;22
CMHJGECF_02213;219;59;502;427;70
CMHJGECF_02214;263;105;1054;1005;131
CMHJGECF_02215;62;24;196;169;22
CMHJGECF_02216;1;0;20;15;4
CMHJGECF_02217;34;12;97;49;18
CMHJGECF_02218;72;14;182;138;29
CMHJGECF_02219;395;195;2364;1789;269
CMHJGECF_02220;142;86;951;922;92
CMHJGECF_02221;117;95;978;786;94
CMHJGECF_02222;296;119;1419;973;203
CMHJGECF_02223;25;16;281;222;24
CMHJGECF_02224;94;41;636;703;79
CMHJGECF_02225;220;90;729;627;141
CMHJGECF_02226;414;128;1607;1033;225
CMHJGECF_02227;190;91;1665;1083;131
CMHJGECF_02228;296;142;1372;738;232
CMHJGECF_02229;15;10;94;89;21
CMHJGECF_02230;88;58;450;260;78
CMHJGECF_02231;114;69;630;919;65
CMHJGECF_02232;205;135;2314;1875;164
CMHJGECF_02233;2255;1629;36113;23293;1976
CMHJGECF_02234;22;15;243;286;30
CMHJGECF_02235;38;28;300;316;33
CMHJGECF_02237;104;72;1341;1161;102
CMHJGECF_02238;89;58;1425;1482;89
CMHJGECF_02239;53;31;376;596;36
CMHJGECF_02240;1605;582;12057;9507;1053
CMHJGECF_02241;5;5;27;25;9
CMHJGECF_02242;214;128;1663;1318;172
CMHJGECF_02243;267;247;603;547;270
CMHJGECF_02244;19;18;10;8;32
CMHJGECF_02245;308;262;126;121;373
CMHJGECF_02246;439;388;9332;14160;387
CMHJGECF_02247;761;479;6045;5072;648
CMHJGECF_02248;223;122;1545;1208;216
CMHJGECF_02249;192;134;1799;1542;172
CMHJGECF_02250;448;460;5717;5007;679
CMHJGECF_02251;964;571;10956;7285;986
CMHJGECF_02252;531;445;6677;5103;738
CMHJGECF_02253;456;471;6066;5372;608
CMHJGECF_02254;454;281;3975;3101;444
CMHJGECF_02255;662;595;7717;6473;676
CMHJGECF_02256;45;43;401;501;43
CMHJGECF_02257;6;6;85;155;6
CMHJGECF_02258;192;150;2174;1962;212
CMHJGECF_02259;342;201;3075;2189;283
CMHJGECF_02260;184;139;1769;1452;201
CMHJGECF_02261;48;59;640;773;81
CMHJGECF_02262;137;131;1708;1689;137
CMHJGECF_02263;30;15;203;240;24
CMHJGECF_02264;164;92;1111;917;115
CMHJGECF_02265;39;37;353;431;40
CMHJGECF_02266;18;20;580;747;28
CMHJGECF_02267;67;49;700;634;59
CMHJGECF_02268;198;140;1912;1465;151
CMHJGECF_02269;627;397;4378;4023;530
CMHJGECF_02270;830;518;9730;7701;648
CMHJGECF_02271;1215;671;10024;7444;1068
CMHJGECF_02272;417;216;3006;2055;326
CMHJGECF_02273;238;148;2608;2499;200
CMHJGECF_02274;77;91;1225;1282;102
CMHJGECF_02275;264;184;2713;1997;209
CMHJGECF_02276;10;7;147;96;11
CMHJGECF_02277;11;12;151;122;15
CMHJGECF_02278;336;234;3031;2285;325
CMHJGECF_02279;1233;629;6812;5582;930
CMHJGECF_02280;708;404;4832;3938;484
CMHJGECF_02281;57;48;577;548;37
CMHJGECF_02282;146;79;757;555;107
CMHJGECF_02283;251;220;1961;1522;285
CMHJGECF_02284;138;105;1782;2457;177
CMHJGECF_02285;17;8;144;84;9
CMHJGECF_02286;1;0;2;5;0
CMHJGECF_02287;33;12;210;127;21
CMHJGECF_02288;12;10;244;137;5
CMHJGECF_02289;8;3;32;43;3
CMHJGECF_02290;60;38;595;533;72
CMHJGECF_02291;0;0;6;0;0
CMHJGECF_02292;3;6;26;36;3
CMHJGECF_02293;0;0;3;4;0
CMHJGECF_02294;11;12;180;132;16
CMHJGECF_02295;52;31;619;526;58
CMHJGECF_02297;826;474;5947;4763;694
CMHJGECF_02298;103;46;615;585;85
CMHJGECF_02299;116;63;954;839;100
CMHJGECF_02300;125;84;1318;1065;122
CMHJGECF_02301;176;122;1532;1310;136
CMHJGECF_02302;746;535;4734;5777;800
CMHJGECF_02303;3483;1930;26391;22958;3132
CMHJGECF_02304;103;67;706;455;99
CMHJGECF_02305;34;23;883;1141;36
CMHJGECF_02306;391;244;3548;3263;394
CMHJGECF_02307;80;56;736;706;74
CMHJGECF_02308;289;172;2441;1790;232
CMHJGECF_02309;335;271;1325;2055;234
CMHJGECF_02311;60;33;273;292;37
CMHJGECF_02312;52;34;388;387;43
CMHJGECF_02313;1864;1031;8885;7697;1335
CMHJGECF_02314;1215;759;5896;5373;1044
CMHJGECF_02315;113;79;429;493;66
CMHJGECF_02316;148;62;531;439;113
CMHJGECF_02317;679;443;2767;2183;428
CMHJGECF_02318;39;32;226;279;30
CMHJGECF_02319;130;74;510;453;99
CMHJGECF_02321;71;78;821;1188;62
CMHJGECF_02322;181;128;1167;867;188
CMHJGECF_02324;22;7;91;91;12
CMHJGECF_02325;109;59;350;314;47
CMHJGECF_02326;234;80;385;399;111
CMHJGECF_02327;635;145;779;521;265
CMHJGECF_02328;325;87;296;259;175
CMHJGECF_02329;351;111;684;622;168
CMHJGECF_02330;51;55;452;348;59
CMHJGECF_02331;86;115;852;971;113
CMHJGECF_02332;6;5;42;28;1
CMHJGECF_02333;17;8;140;130;12
CMHJGECF_02334;21;10;122;108;13
CMHJGECF_02335;1;0;37;19;2
CMHJGECF_02336;157;83;1507;984;97
CMHJGECF_02337;555;392;5193;4718;559
CMHJGECF_02338;442;332;6589;6222;451
CMHJGECF_02339;658;422;4138;3294;525
CMHJGECF_02340;309;178;2815;2207;181
CMHJGECF_02341;193;173;1658;1461;192
CMHJGECF_02342;839;489;10486;8557;537
CMHJGECF_02343;914;570;7201;6474;701
CMHJGECF_02344;1586;792;12366;9830;1037
CMHJGECF_02345;345;190;2891;2572;245
CMHJGECF_02346;990;600;8831;7238;864
CMHJGECF_02347;319;121;2941;2074;175
CMHJGECF_02348;76;56;1405;1892;73
CMHJGECF_02349;1723;1179;8297;5383;1408
CMHJGECF_02350;67;27;827;524;40
CMHJGECF_02351;52;47;424;369;48
CMHJGECF_02352;152;105;2047;1766;113
CMHJGECF_02353;9;4;112;158;5
CMHJGECF_02354;12;9;145;158;6
CMHJGECF_02355;41;39;672;623;41
CMHJGECF_02356;9;6;151;246;9
CMHJGECF_02357;70;51;380;372;31
CMHJGECF_02358;129;108;1081;1047;112
CMHJGECF_02359;89;47;616;538;69
CMHJGECF_02360;2;2;30;42;4
CMHJGECF_02361;187;113;1150;1013;120
CMHJGECF_02362;509;336;4187;3602;392
CMHJGECF_02363;154;91;1131;721;75
CMHJGECF_02364;65;37;461;418;58
CMHJGECF_02365;12;3;104;107;1
CMHJGECF_02366;86;56;718;505;84
CMHJGECF_02367;13;9;114;86;9
CMHJGECF_02368;143;90;1300;1063;87
CMHJGECF_02369;9;19;312;386;13
CMHJGECF_02370;3;2;4;4;1
CMHJGECF_02371;11;2;58;35;4
CMHJGECF_02372;7;7;58;67;7
CMHJGECF_02373;19;14;165;119;11
CMHJGECF_02374;67;27;412;386;34
CMHJGECF_02375;805;407;4447;3520;540
CMHJGECF_02376;55;27;318;356;35
CMHJGECF_02377;33;36;262;224;21
CMHJGECF_02378;2;3;57;54;1
CMHJGECF_02379;75;50;461;435;75
CMHJGECF_02380;24;26;294;281;24
CMHJGECF_02381;314;326;2185;2389;374
CMHJGECF_02382;2321;1696;9288;7067;2008
CMHJGECF_02383;896;480;5801;4789;608
CMHJGECF_02384;130;117;1070;753;148
CMHJGECF_02385;65;32;437;371;42
CMHJGECF_02386;139;103;1056;922;100
CMHJGECF_02387;430;308;3519;3366;414
CMHJGECF_02388;1054;466;4742;3491;713
CMHJGECF_02389;48;21;252;174;29
CMHJGECF_02390;83;41;479;402;57
CMHJGECF_02391;78;31;497;392;44
CMHJGECF_02392;229;149;1713;1532;200
CMHJGECF_02393;231;140;1411;954;163
CMHJGECF_02394;102;66;591;415;80
CMHJGECF_02395;19;25;184;248;22
CMHJGECF_02396;82;64;503;543;68
CMHJGECF_02397;22;23;173;203;28
CMHJGECF_02398;480;311;3060;2370;517
CMHJGECF_02399;173;90;1454;1012;125
CMHJGECF_02400;129;91;1580;1082;119
CMHJGECF_02401;5;5;40;62;5
CMHJGECF_02402;64;40;262;303;65
CMHJGECF_02403;168;113;1036;842;137
CMHJGECF_02404;151;116;1182;945;120
CMHJGECF_02405;65;45;269;347;61
CMHJGECF_02406;551;247;1117;1063;371
CMHJGECF_02407;34068;19232;149085;172200;29327
CMHJGECF_02409;76;54;689;672;63
CMHJGECF_02410;12;29;513;553;39
CMHJGECF_02411;182;109;1320;1543;132
CMHJGECF_02412;770;481;4836;4719;574
CMHJGECF_02413;186;66;372;391;85
CMHJGECF_02414;165;75;645;526;68
CMHJGECF_02415;669;263;1709;1319;420
CMHJGECF_02416;1710;1760;11503;10888;1455
CMHJGECF_02417;152;98;734;606;96
CMHJGECF_02418;68;39;779;555;44
CMHJGECF_02419;25;22;289;204;16
CMHJGECF_02420;27;18;250;196;19
CMHJGECF_02421;22;9;222;173;9
CMHJGECF_02422;101;61;681;638;51
CMHJGECF_02423;117;59;926;777;78
CMHJGECF_02424;53;37;612;403;31
CMHJGECF_02425;113;69;1287;1028;69
CMHJGECF_02426;122;70;1722;1405;89
CMHJGECF_02427;410;268;3296;3270;301
CMHJGECF_02428;293;169;3222;2319;156
CMHJGECF_02429;45;33;410;331;18
CMHJGECF_02430;23;13;272;301;21
CMHJGECF_02431;130;91;975;1037;117
CMHJGECF_02432;71;29;265;180;34
CMHJGECF_02433;3;0;9;22;1
CMHJGECF_02434;152;100;872;684;116
CMHJGECF_02435;311;182;1765;1379;196
CMHJGECF_02436;179;98;930;797;129
CMHJGECF_02437;4012;2355;23619;20043;2479
CMHJGECF_02438;48;54;409;353;31
CMHJGECF_02439;86;41;586;469;80
CMHJGECF_02440;6;1;57;70;4
CMHJGECF_02441;7;8;92;76;3
CMHJGECF_02442;52;37;1151;1386;64
CMHJGECF_02443;837;424;4723;3389;551
CMHJGECF_02444;56;18;78;51;11
CMHJGECF_02445;118;31;81;76;36
CMHJGECF_02446;48;15;63;47;16
CMHJGECF_02447;88;36;279;241;46
CMHJGECF_02448;915;669;6869;6492;943
CMHJGECF_02449;59;37;560;367;31
CMHJGECF_02450;10;6;164;210;13
CMHJGECF_02451;93;53;889;781;70
CMHJGECF_02452;205;148;1270;1275;179
CMHJGECF_02453;64;39;374;281;41
CMHJGECF_02454;25;15;344;407;8
CMHJGECF_02455;28;23;662;699;20
CMHJGECF_02456;59;43;752;883;55
CMHJGECF_02457;170;71;1811;1510;84
CMHJGECF_02458;32;25;738;738;17
CMHJGECF_02459;171;91;2833;2860;116
CMHJGECF_02460;64;34;678;763;32
CMHJGECF_02461;4;10;290;252;7
CMHJGECF_02462;10;7;1110;861;21
CMHJGECF_02463;13;8;1068;1000;8
CMHJGECF_02464;12;15;1634;1672;16
CMHJGECF_02465;15;9;1040;1133;7
CMHJGECF_02466;2;5;535;538;9
CMHJGECF_02467;2;6;260;221;7
CMHJGECF_02468;0;5;138;196;6
CMHJGECF_02469;5;6;298;215;8
CMHJGECF_02470;4;3;441;374;3
CMHJGECF_02471;1;2;341;277;6
CMHJGECF_02472;11;14;1593;1695;18
CMHJGECF_02473;62;58;2844;2183;53
CMHJGECF_02474;9;7;509;400;4
CMHJGECF_02475;26;20;1437;1120;28
CMHJGECF_02476;7;10;1011;1057;23
CMHJGECF_02477;8;15;566;703;12
CMHJGECF_02478;20;10;1459;1191;14
CMHJGECF_02479;8;9;409;518;7
CMHJGECF_02480;17;33;1383;1421;41
CMHJGECF_02481;36;39;2679;2481;65
CMHJGECF_02482;7;3;392;365;8
CMHJGECF_02483;12;5;470;366;9
CMHJGECF_02484;27;7;791;784;19
CMHJGECF_02485;40;33;1702;1451;19
CMHJGECF_02486;18;16;1291;1232;14
CMHJGECF_02487;24;30;3031;2802;52
CMHJGECF_02488;396;270;1723;1594;366
CMHJGECF_02489;174;104;1214;1050;151
CMHJGECF_02490;54;40;469;497;44
CMHJGECF_02491;86;71;785;821;79
CMHJGECF_02492;16;10;87;119;14
CMHJGECF_02493;52;51;384;491;61
CMHJGECF_02494;340;249;3275;3646;320
CMHJGECF_02495;411;240;3284;3278;373
CMHJGECF_02496;129;77;1065;871;85
CMHJGECF_02497;149;119;1444;1375;161
CMHJGECF_02498;9;7;118;121;7
CMHJGECF_02499;0;0;11;15;1
CMHJGECF_02500;638;513;5987;4862;602
CMHJGECF_02501;77;76;1574;1640;86
CMHJGECF_02502;12;6;730;673;11
CMHJGECF_02503;183;58;2304;1705;128
CMHJGECF_02504;390;163;5326;4647;299
CMHJGECF_02505;158;88;1320;1433;150
CMHJGECF_02506;255;278;1891;1918;283
CMHJGECF_02507;158;123;1443;1158;153
CMHJGECF_02508;98;62;600;725;91
CMHJGECF_02509;538;350;4753;4448;468
CMHJGECF_02510;358;231;3361;3372;345
CMHJGECF_02511;50;48;1007;1589;50
CMHJGECF_02512;164;116;818;883;171
CMHJGECF_02513;115;75;652;624;98
CMHJGECF_02514;113;75;732;617;112
CMHJGECF_02515;422;261;1948;1251;328
CMHJGECF_02516;212;154;1757;1566;208
CMHJGECF_02517;273;264;3289;3664;302
CMHJGECF_02518;114;86;1001;1108;107
CMHJGECF_02519;0;1;9;22;0
CMHJGECF_02520;343;299;2753;2328;304
CMHJGECF_02521;203;147;1701;1802;240
CMHJGECF_02522;48;48;439;557;63
CMHJGECF_02523;119;106;706;807;89
CMHJGECF_02524;400;264;2664;2981;353
CMHJGECF_02525;106;83;891;756;114
CMHJGECF_02526;21;25;272;251;32
CMHJGECF_02527;74;46;510;501;64
CMHJGECF_02528;98;74;824;880;100
CMHJGECF_02530;288;162;1268;1001;257
CMHJGECF_02531;0;2;7;20;0
CMHJGECF_02532;47;25;349;446;42
CMHJGECF_02533;239;154;1530;1682;239
CMHJGECF_02534;280;197;1631;1426;239
CMHJGECF_02537;368;284;3214;2713;397
CMHJGECF_02539;992;552;7344;7181;812
CMHJGECF_02540;1;3;73;61;0
CMHJGECF_02541;253;190;1752;1393;232
CMHJGECF_02542;227;151;1595;1186;172
CMHJGECF_02543;283;204;2604;2309;264
CMHJGECF_02544;72;52;507;604;59
CMHJGECF_02545;608;451;2899;2409;538
CMHJGECF_02546;57;45;442;372;67
CMHJGECF_02547;121;100;1089;1395;141
CMHJGECF_02548;184;155;1884;2032;177
CMHJGECF_02549;0;0;26;27;2
CMHJGECF_02550;36;23;310;295;27
CMHJGECF_02552;3;0;20;15;1
CMHJGECF_02553;0;0;0;0;0
CMHJGECF_02554;0;0;0;0;0
CMHJGECF_02555;0;0;0;0;0
CMHJGECF_02556;0;0;0;0;0
CMHJGECF_02557;0;0;0;0;0
CMHJGECF_02558;0;0;0;0;0
CMHJGECF_02559;0;0;0;0;0
CMHJGECF_02560;0;0;0;0;0
CMHJGECF_02561;0;0;0;0;0
CMHJGECF_02562;0;0;0;0;0
CMHJGECF_02563;0;0;0;0;0
CMHJGECF_02564;0;0;0;0;0
CMHJGECF_02565;28;14;246;280;29
CMHJGECF_02566;0;0;0;1;0
CMHJGECF_02567;0;0;0;0;0
CMHJGECF_02568;0;0;0;0;0
CMHJGECF_02569;0;0;0;0;0
CMHJGECF_02570;0;0;0;0;0
CMHJGECF_02571;0;0;0;0;0
CMHJGECF_02572;0;0;0;0;0
CMHJGECF_02573;1;2;22;15;0
CMHJGECF_02574;2;5;22;16;2
CMHJGECF_02575;14;7;58;88;10
CMHJGECF_02576;59;39;599;548;57
CMHJGECF_02577;8;12;94;100;23
CMHJGECF_02578;329;227;1875;1606;299
CMHJGECF_02579;452;397;2896;3084;553
CMHJGECF_02580;69;55;671;606;86
CMHJGECF_02581;87;74;419;405;65
CMHJGECF_02582;19;16;118;82;17
CMHJGECF_02583;28;15;160;151;31
CMHJGECF_02584;0;0;0;0;0
CMHJGECF_02585;0;0;0;0;0
CMHJGECF_02586;158;105;1083;857;162
CMHJGECF_02587;0;0;0;0;0
CMHJGECF_02588;0;0;0;0;0
CMHJGECF_02589;0;0;0;0;0
CMHJGECF_02590;0;0;1;0;0
CMHJGECF_02591;0;0;0;0;0
CMHJGECF_02592;0;0;0;0;0
CMHJGECF_02593;0;0;0;0;0
CMHJGECF_02594;0;0;0;0;0
CMHJGECF_02595;0;0;0;0;0
CMHJGECF_02596;0;0;0;0;0
CMHJGECF_02597;0;0;0;0;0
CMHJGECF_02598;0;0;0;0;0
CMHJGECF_02599;0;0;0;0;0
CMHJGECF_02600;0;0;0;0;0
